"Force X (N)","Force Y (N)","Force Z (N)","Torque X (N-m)","Torque Y (N-m)","Torque Z (N-m)","Frequency = 1000","Averaging Level = 16","F/T Serial Number = FT44764","Time Started = 28-Jun-23 6:15:14 PM"
"-0.00209778267890215","0.00444093579426408","0.021651167422533","0.000368773908121511","-0.000110085573396645","0.000330111302901059"
"-0.000252056692261249","0.00105527136474848","0.0189547520130873","0.000279287633020431","1.64213997777551E-05","9.05535562196746E-05"
"-0.00286346348002553","0.00323526840656996","0.0154706630855799","0.00029431760776788","2.62829780695029E-06","0.000209262027055956"
"-0.00202307105064392","0.00341464416123927","0.0180594604462385","0.000266720191575587","-7.60854745749384E-05","0.000272911333013326"
"-0.00190586328972131","0.00199573207646608","0.0129221174865961","0.000100603836472146","0.000161793592269532","0.000222685426706448"
"-0.00348667032085359","0.00593370804563165","0.0149646643549204","0.000416691415011883","-5.81506938033272E-05","0.000194124979316257"
"-0.00105501129291952","0.000539455679245293","0.0138919036835432","0.000156082372996025","8.34720958664548E-06","0.00016913418949116"
"-0.0025364188477397","0.00371839758008718","0.010272067040205","0.00035929650766775","8.61658481881022E-05","0.000127312334370799"
"-0.00228518340736628","0.00556187052279711","0.0113461529836059","0.000367831933544949","3.95413917431142E-05","0.000228013130254112"
"-0.00279214372858405","0.00153852242510766","0.0107909506186843","0.000273138779448345","0.000105933992017526","0.000116372597403824"
"-0.00284266448579729","0.00656067440286279","0.00879794918000698","0.000365416548447683","3.77679498342332E-05","0.000200697977561504"
"-0.00106591964140534","0.000559665844775736","0.010283094830811","0.000232366743148305","-3.33056850649882E-05","0.000251124729402363"
"-0.00224473117850721","0.00391599303111434","0.0102938506752253","0.000331559771439061","-7.04699632478878E-05","0.000109226653876249"
"-0.00340279447846115","0.00258615706115961","0.0118847116827965","0.000271888071438298","-8.39532294776291E-05","0.000172056359588169"
"-0.0015756058273837","0.0021733189933002","0.00825917162001133","0.000131795328343287","0.000108898326288909","0.000122537923743948"
"-0.00333043793216348","0.00321428896859288","0.00881559494882822","0.000174418382812291","-7.53099448047578E-06","7.01596800354309E-05"
"-0.000793467042967677","0.00173460668884218","0.0112588992342353","0.000319219776429236","-2.69686424871907E-05","0.000126117869513109"
"-0.00185018638148904","0.000335607270244509","0.00614767940714955","0.000184096206794493","0.000172920423210599","0.000104012506199069"
"-0.00402593985199928","0.0035753520205617","0.0149586657062173","0.00034335206146352","2.46865929511841E-05","0.00017403403762728"
"0.000148441875353456","0.00186094176024199","0.00820397585630417","0.000171554711414501","1.34886358864605E-05","0.000104689403087832"
"-0.00158765423111618","0.0015398885589093","0.00979744270443916","0.000138320043333806","-1.86400102393236E-05","8.69375071488321E-05"
"0.00205239187926054","0.00337929441593587","0.0174107681959867","0.000277732440736145","-9.90834087133408E-06","0.000162806260050274"
"-0.00129634630866349","0.00201413221657276","0.00508970627561212","0.000278617750154808","0.000158808485139161","8.75075638759881E-05"
"-0.00164075114298612","0.00290083233267069","0.00875380821526051","0.000275126600172371","-5.17701664648484E-05","0.000161806208780035"
"-0.00156527187209576","0.00219271890819073","0.0108465626835823","7.07169529050589E-05","-1.07333653431851E-05","1.38601390062831E-05"
"-0.00453393626958132","0.00420886836946011","0.0113959982991219","0.000246673473156989","9.04958433238789E-05","9.94171568891034E-05"
"0.00040099467150867","0.00270833820104599","0.00869540590792894","0.000256353960139677","2.2711101337336E-06","0.000124445374240167"
"-0.00210306607186794","0.00185967632569373","0.00102103210519999","0.000202509283553809","5.80127234570682E-05","2.24777504627127E-05"
"-0.00249963020905852","0.00438123010098934","0.00619879504665732","0.000308842601953074","5.19470449944492E-05","0.000162144817295484"
"-0.0015905195614323","0.00251204310916364","0.00981915555894375","0.000121041703096125","8.28952979645692E-05","0.000141049473313615"
"-0.00273153092712164","0.00221067294478416","0.00359790539368987","0.00026688099023886","4.74268235848285E-05","6.96827119099908E-05"
"-0.0011034975759685","0.00554568273946643","0.0134094525128603","0.000261781737208366","1.70490638993215E-05","0.000172241168911569"
"-0.00127554195933044","0.000354672956746072","0.00717509910464287","0.000168656173627824","7.26771177141927E-05","7.69774487707764E-05"
"-0.00133304786868393","0.00239872420206666","0.00872445572167635","0.00026781830820255","-5.46086084796116E-05","7.99069457571022E-05"
"-0.00128509500063956","0.00236293277703226","0.00676398165524006","9.06740897335112E-05","-2.25979056267533E-05","0.000212534127058461"
"-0.0024502850137651","0.00336534692905843","0.00516380462795496","0.000235994870308787","6.89570224494673E-05","7.88655961514451E-05"
"-0.00223510875366628","0.00323710264638066","0.0118435472249985","0.000278270308626816","-4.55181434517726E-05","9.94200891000219E-05"
"0.000178768998011947","0.0035042236559093","0.00515377847477794","0.000132525630760938","6.4277759520337E-05","0.000112819150672294"
"-0.0013424449134618","0.00538255041465163","0.00775082781910896","0.000260293163591996","-1.27691091620363E-05","0.00013477033644449"
"-0.00132100086193532","0.00039070111233741","0.009761868044734","0.000199238347704522","-4.67933277832344E-05","0.000132785498863086"
"-0.000686208135448396","0.00137561198789626","0.00461911130696535","0.000166275625815615","-4.42411983385682E-05","7.68570753280073E-05"
"-0.000495932181365788","0.00356189114972949","0.0102591998875141","0.000296661339234561","-3.90665300074033E-05","0.000117026065709069"
"-0.00104251119773835","0.00185537477955222","0.0138975903391838","0.000141489683301188","5.9310179494787E-05","0.000105766957858577"
"-0.00271572940982878","0.00221720011904836","0.0030827249865979","0.000251450401265174","5.04119816469029E-06","1.50958294398151E-05"
"0.000650648260489106","0.00554826389998198","0.0134097207337618","0.000186450430192053","-7.96222011558712E-05","0.00017087442392949"
"-0.0018130331300199","2.65957205556333E-05","0.00306285778060555","0.000164974248036742","4.59076218248811E-05","3.07984118990134E-05"
"-0.000693997368216515","0.00337960408069193","0.00367144169285893","0.000117749135824852","-0.000104989871033467","0.000185451470315456"
"-0.000992896151728928","0.000866472080815583","0.00673009501770139","0.000102095065813046","-2.54367259913124E-05","0.000212136365007609"
"-0.00186800037045032","0.00136474170722067","0.00719541031867266","0.000196153254364617","5.36773295607418E-05","7.79584224801511E-05"
"-0.00218893075361848","0.00252710725180805","0.0108662499114871","0.000136631744680926","4.66691308247391E-05","0.000168998027220368"
"-0.00239539449103177","0.00235300185158849","0.00364927179180086","0.00011928410094697","4.28185376222245E-05","4.92960680276155E-05"
"-0.00418344419449568","0.00305918673984706","0.00211145216599107","0.00027877400862053","1.24659418361261E-05","0.000115622315206565"
"-0.000946425541769713","0.00152770848944783","-3.45525077136699E-05","0.000213372142752632","3.67613829439506E-05","5.82525608479045E-05"
"-0.00209047924727201","0.0028502163477242","-0.00047641311539337","0.000155905217980035","5.73581128264777E-05","7.60996190365404E-05"
"-0.00107300793752074","0.00522493897005916","0.00824406463652849","0.000303068693028763","-2.42130663536955E-05","0.000153557994053699"
"-0.000412620021961629","0.00351904844865203","0.00876388512551785","0.000116567389341071","1.08361709862947E-05","3.2218980777543E-05"
"-0.00213979068212211","0.00283499085344374","0.00309857167303562","0.000215460531762801","0.000176320463651791","0.000131845139549114"
"0.000434933346696198","0.00202684197574854","0.00663648406043649","0.00021843783906661","3.6406512663234E-05","0.000113997135485988"
"-0.00298178638331592","0.00300159910693765","0.00367965153418481","0.000113384521682747","0.000125399601529352","0.00011276549048489"
"-0.00274350307881832","0.00190254382323474","0.00514643872156739","0.000262697983998805","-5.4825228289701E-05","5.20712274010293E-05"
"-7.48976599425077E-05","0.000657750468235463","0.00566978333517909","3.84851737180725E-05","8.40097345644608E-05","0.000119661533972248"
"-0.00329253380186856","0.00286504672840238","0.00362284202128649","0.000229878831305541","7.91276688687503E-05","2.41104717133567E-05"
"0.000723146949894726","0.00351771339774132","0.00612078607082367","0.000236154912272468","6.73209215165116E-05","8.7274209363386E-05"
"-0.000644424464553595","0.00200993102043867","-3.60084959538653E-05","0.000188944046385586","8.43951420392841E-05","3.06272377201822E-05"
"-0.00394720211625099","0.00586479855701327","0.00985548458993435","0.000251618737820536","0.000109630171209574","8.13228543847799E-05"
"-0.000974263763055205","0.00254239700734615","0.00413907552137971","0.000151033149450086","-5.83656510571018E-05","8.60796280903742E-05"
"-0.00266075762920082","0.00120455247815698","3.54673466063105E-06","0.000179634138476104","5.09630990563892E-06","-1.42347744258586E-05"
"0.000438060378655791","0.00335950986482203","0.00666926987469196","0.000189866637811065","1.03937563835643E-05","0.000105021565104835"
"-0.00268931989558041","0.00184601626824588","0.00307797780260444","0.000201990420464426","0.00013236326049082","-4.2866486182902E-06"
"-0.00107252621091902","0.00257110083475709","0.00921595562249422","0.000329732662066817","-4.04763341066428E-05","0.000117136958579067"
"-0.000431592750828713","0.000525411334820092","0.00816922448575497","0.000214934581890702","7.17461589374579E-05","8.6781699792482E-05"
"-0.00239345640875399","0.00400276808068156","0.00210357154719532","0.000154234279762022","0.000119756601634435","3.1651790777687E-05"
"-0.00126952410209924","0.00270597427152097","0.00309706199914217","0.000198113062651828","-1.20519198389957E-05","9.56121002673171E-05"
"-0.0020789266563952","-0.000176863104570657","0.00411140732467175","8.7890621216502E-05","0.000158942581037991","2.04844054678688E-05"
"-0.00131735601462424","0.00306687108241022","0.00402470957487822","0.000394480215618387","-1.31434444483602E-06","-1.88671983778477E-05"
"0.000192806008271873","0.00218587415292859","0.00410834839567542","0.000131296474137343","5.16482396051288E-06","9.41835678531788E-05"
"-0.00268097221851349","0.00251552602276206","0.00155232672113925","0.000195586835616268","0.000106830921140499","4.61268791696057E-06"
"-0.000716119771823287","0.00371820759028196","0.00304639502428472","0.00029880614602007","-1.74591405084357E-05","4.2953877709806E-05"
"0.000796780455857515","0.00149577506817877","0.00250681559555233","0.000151769621879794","0.000101675395853817","3.00127376249293E-05"
"-0.000662593578454107","0.00302356644533575","0.0030826881993562","0.000155827874550596","6.96692495694151E-06","4.23844539909624E-06"
"-0.000715931702870876","0.00302881910465658","0.00821968074887991","0.000185295313713141","2.34049584832974E-05","3.30277143802959E-05"
"-0.000600352010224015","0.000681245932355523","-0.00103625096380711","8.33313097245991E-05","-1.26502891362179E-06","1.04848886621767E-05"
"-0.000381436664611101","0.00519282557070255","-0.00103599089197814","0.00024270977883134","2.16505031858105E-05","4.14158021158073E-05"
"-0.00155571498908103","0.00152477086521685","0.00669825123623014","0.000138215924380347","3.29943213728257E-05","5.8866662584478E-05"
"-0.00296858744695783","0.00402301363646984","-0.00150994583964348","0.000229775498155504","8.49088391987607E-05","3.22380692523438E-05"
"-0.000705891055986285","0.00168718607164919","0.00821685884147882","0.000154527820996009","4.87186698592268E-05","6.82836762280203E-05"
"0.000259796099271625","0.00147008197382092","0.00458528753370047","4.54534638265613E-05","0.000149951534694992","-0.00010700843995437"
"-0.00127908494323492","0.00400830013677478","0.00568595807999372","0.000168780097737908","9.77259114733897E-05","8.68051283759996E-05"
"-0.00240193144418299","0.00200462876819074","0.00517020095139742","0.000129471372929402","0.000119431642815471","3.13438249577302E-05"
"-0.002433598972857","0.0036896588280797","0.00824682787060738","0.000178067886736244","6.8533125158865E-05","-6.61489393678494E-05"
"-0.000768471625633538","0.0053974436596036","0.0082087442278862","0.000318291684379801","-5.22831833222881E-05","2.69968804786913E-05"
"-0.000925888656638563","0.0027920319698751","0.00410981895402074","9.32726034079678E-05","0.00024780337116681","-6.25415850663558E-06"
"-0.00300796469673514","0.0020321817137301","0.00570781016722322","0.000160537601914257","4.07556653954089E-05","8.67215130710974E-05"
"-0.000361445301678032","0.00051898555830121","0.00409053266048431","0.000110492990643252","1.1997704859823E-05","3.0046339816181E-05"
"-0.00439516035839915","0.0031684641726315","0.00266432482749224","9.97967144940048E-05","0.000133562250994146","-1.40677511808462E-05"
"-0.000727321952581406","0.00338647095486522","0.00615314953029156","0.000249766046181321","-4.3896674469579E-05","5.19667592016049E-05"
"-0.000316089688567445","-0.00149635330308229","0.00153130199760199","2.74389167316258E-05","2.87070051854244E-05","8.18297776277177E-05"
"-0.0032675564289093","0.00351727148517966","0.00209713098593056","0.000193117026356049","0.000104486243799329","5.20641333423555E-06"
"-0.000952341128140688","0.00185100035741925","0.00827857200056314","2.20542788156308E-05","-2.57700521615334E-05","2.13380517379846E-05"
"-0.0012208060361445","0.00133276055566967","0.00194945861585438","0.000252958619967103","0.000185676122782752","-0.000140427509904839"
"-0.000740472110919654","0.00372092705219984","0.00717656966298819","0.000268468022113666","-3.53737559635192E-05","4.35159890912473E-05"
"0.0022841589525342","-0.00066132569918409","0.000388481421396136","0.000124248996144161","1.81820851139491E-05","-3.52013121300843E-05"
"-0.00324897980317473","0.00287745310924947","0.00417828233912587","0.000109432803583331","-5.78031613258645E-05","-8.59015417518094E-05"
"-0.00103622023016214","0.00457491865381598","0.00617682188749313","0.000279410334769636","-0.000117234376375563","6.21791477897204E-05"
"-0.001222426421009","0.0036859184037894","0.00462461123242974","0.000132209854200482","1.35280570248142E-05","-0.000149415282066911"
"-0.000650018337182701","0.0037048957310617","0.00360468844883144","0.000132999251945876","-7.81126000219956E-05","-9.51690090005286E-05"
"-0.0009490831871517","0.00216290401294827","0.00202401052229106","0.000190767459571362","0.000155352172441781","4.01194738515187E-05"
"-0.00178235839121044","0.00133241142611951","-0.000558293249923736","0.000195442815311253","0.000157408227096312","-3.29188587784301E-05"
"-0.00122368871234357","0.00237656524404883","0.00105210416950285","0.000133901135995984","-8.0077035818249E-05","2.17686138057616E-05"
"-0.00173564872238785","0.000995813286863267","0.00157803308684379","-3.13696295961563E-06","4.48016580776311E-05","-8.05193922133185E-05"
"-0.00097573600942269","0.00552889052778482","0.00101063458714634","0.000275783299002796","4.53647553513292E-05","-2.08111814572476E-05"
"0.00224853749386966","0.00235681585036218","0.00197797222062945","0.000145892088767141","-5.89756018598564E-05","-3.32800809701439E-05"
"-0.0040734987705946","0.00268810102716088","-0.00304162735119462","0.000168390484759584","7.25884092389606E-05","-6.87786887283437E-05"
"-0.00244382838718593","0.0040391031652689","0.00514601869508624","0.000257819017861038","4.39617870142683E-05","-2.0171057258267E-05"
"-0.000322767620673403","0.00184443790931255","0.00257407710887492","5.12184160470497E-05","-1.37241777338204E-05","-6.13056763540953E-05"
"-0.00154816242866218","0.00387209793552756","0.0046196561306715","0.000209918827749789","-8.33942976896651E-06","-8.45975446281955E-05"
"-6.33178860880435E-05","0.00237767631188035","0.00103516166564077","0.000118421972729266","-0.000118654381367378","2.13057137443684E-05"
"-0.00145627418532968","0.00216579902917147","-0.00149597739800811","4.23441852035467E-05","4.18511699535884E-05","1.035930836224E-05"
"-0.000387649633921683","0.00418201088905334","0.000497066415846348","0.000230523568461649","7.24326237104833E-05","6.82871614117175E-05"
"-3.21692205034196E-05","0.000324263644870371","0.00302239554002881","9.16954522836022E-05","0.000102916368632577","-8.86958150658756E-05"
"-0.00208948878571391","0.00349319307133555","0.00261050765402615","0.000117665607831441","0.000133337045554072","3.74006413039751E-06"
"-0.00067172379931435","0.00137412128970027","0.00355828180909157","0.000195144399185665","-2.64244008576497E-05","-4.54640030511655E-06"
"-0.000827936339192092","-0.000164937664521858","-0.00516016501933336","4.30446416430641E-05","1.9663015336846E-05","-6.38341589365155E-05"
"-0.00325519358739257","0.00288091716356575","-0.00153790856711566","0.000259909371379763","1.23256904771551E-05","-3.07969967252575E-05"
"-0.00147309084422886","0.000501689617522061","0.0025881752371788","3.59293590008747E-05","5.01671966048889E-05","-2.55870418186532E-05"
"-0.00265652500092983","0.00250176200643182","0.00259856763295829","0.000120101074571721","0.000114701368147507","-5.06829674122855E-05"
"-0.000400285585783422","0.002839136403054","0.00565252499654889","0.000153978777234443","8.81643718457781E-05","7.6904208981432E-05"
"0.000217418069951236","0.00186228635720909","0.00404468551278114","0.00016937569307629","-1.90033697435865E-05","-0.000113664602395147"
"-0.00379155855625868","0.00153045274782926","0.00108635309152305","9.38807643251494E-05","2.09136487683281E-07","-7.82501301728189E-05"
"-0.00118947122246027","-0.000323671847581863","0.00205655139870942","5.60616281291004E-05","3.01822001347318E-05","1.05421395346639E-05"
"-0.002952023409307","0.00168954755645245","0.00204726518131793","0.000184338292456232","7.64258365961723E-05","-9.51963302213699E-05"
"-0.000984009820967913","0.00455030100420117","0.00410593906417489","0.000233313825447112","-5.73216530028731E-05","-4.79213194921613E-05"
"0.00052302103722468","0.00100705865770578","0.00197511143051088","0.000159902308951132","6.29553978797048E-05","-5.14861894771457E-05"
"-0.00355756655335426","0.00535025354474783","-0.000466250436147675","0.00024561703321524","0.000125322520034388","-3.03447450278327E-06"
"-0.00123978045303375","3.79498960683122E-05","0.00510928453877568","0.000148939143400639","-2.03265517484397E-05","-2.32919483096339E-05"
"-0.00145223131403327","0.00115797424223274","1.4431434465223E-06","5.85904017498251E-05","9.33961200644262E-05","-7.10659442120232E-05"
"-0.00183697091415524","0.00268605630844831","0.00150332844350487","0.000271795346634462","0.000123362464364618","1.45758749567904E-05"
"-0.000902004772797227","0.00119070149958134","-0.000538934604264796","0.000133600013214163","-5.98596989220823E-06","-4.2725801904453E-05"
"-0.00264669116586447","0.00221878127194941","-0.00100476632360369","0.000161657662829384","-7.99752597231418E-05","-6.85190316289663E-05"
"0.00192552653606981","0.00120209506712854","0.00298627954907715","0.000207240344025195","-4.69064179924317E-05","4.00464195990935E-05"
"-0.00266415160149336","0.00218875240534544","0.00103570730425417","0.000176214874954894","6.44273386569694E-05","-4.1083236283157E-05"
"-0.00239581661298871","0.00203914358280599","0.0015200978377834","0.000233638857025653","2.77154904324561E-05","-4.91753089590929E-05"
"-0.000297503807814792","0.00118331960402429","-0.000524733681231737","5.83920227654744E-05","-3.85749917768408E-05","-7.11249449523166E-05"
"-0.00231512356549501","0.0030112829990685","-0.00412805564701557","0.000170402418007143","7.07819999661297E-05","-0.000160002295160666"
"-0.000666195643134415","0.00202833628281951","0.00459216767922044","0.000172585729160346","7.33108072381583E-06","-4.98370354762301E-05"
"-0.00122737302444875","0.00434860214591026","0.0026039551012218","0.000127182662254199","2.16403095691931E-05","-3.19944811053574E-05"
"-0.000369756366126239","0.00288745248690248","0.00101683137472719","0.000184009099029936","-0.00011476238432806","-4.63800824945793E-06"
"0.000548484153114259","0.0026677034329623","0.00416163308545947","-4.31084372394253E-05","-5.04239687870722E-05","-1.69483028003015E-05"
"-0.00151118147186935","0.00551039073616266","-0.000537693907972425","0.000244885741267353","0.000103287500678562","-0.000130379019537941"
"0.000196437555132434","0.00254619051702321","0.00252183876000345","0.0002088811743306","-6.99863012414426E-05","-2.24411487579346E-05"
"0.000295563280815259","0.000459029746707529","0.00100817927159369","-9.98382711259183E-06","0.000158264359924942","-2.75094680546317E-05"
"-0.00270654610358179","0.00454447930678725","2.51582241617143E-06","0.00029464578256011","3.11792391585186E-05","-2.05288451979868E-05"
"-1.97390909306705E-05","-1.37240131152794E-05","0.00358746177516878","-1.04073819784389E-06","6.76737327012233E-05","-2.65621656581061E-05"
"-0.00289148557931185","0.00199275207705796","-0.00515390699729323","0.000174372340552509","0.000170852639712393","-7.91067432146519E-05"
"-0.000343264429830015","0.0015124223427847","-4.44446122855879E-05","0.000167498714290559","5.56435952603351E-05","2.95725658361334E-06"
"-0.00293152360245585","0.00167976215016097","0.000539591885171831","0.000125556602142751","7.58350943215191E-05","-4.20889628003351E-05"
"-0.00500423181802034","0.00487374980002642","0.000601637177169323","0.000225198920816183","4.76872119179461E-05","-2.97720616799779E-05"
"0.000780021480750293","0.00452419091016054","0.00359022407792509","0.000143138022394851","-4.35443689639214E-05","-2.2798840291216E-05"
"0.000871252734214067","0.00114833051338792","0.00152603024616838","-1.74208071257453E-05","4.11114888265729E-05","-7.23928242223337E-05"
"-0.000935596297495067","0.00450223125517368","0.00106322870124131","0.000129923952044919","6.94176706019789E-05","3.09267597913276E-05"
"0.000252852914854884","-0.00112777575850487","0.00303114391863346","7.4256633524783E-05","-0.000104582199128345","-6.17109035374597E-05"
"-0.00177471758797765","0.00235082325525582","-0.00363191380165517","0.000223188864765689","8.13480000942945E-05","-3.26553490594961E-05"
"-6.74202165100724E-05","0.00167623197194189","0.00408904254436493","0.000108950218418613","3.42811508744489E-05","-1.50528012454743E-05"
"-0.000560652348212898","0.00230777938850224","-0.00411353772506118","5.82817629037891E-05","0.00012649962445721","-3.57770040864125E-05"
"-0.00121846375986934","0.00434368243440986","0.00254421355202794","0.000184949953109026","7.38746457500383E-05","-0.00016718682309147"
"-1.17457238957286E-05","-1.08160311356187E-05","0.0015044251922518","4.36212212662213E-05","7.70399128668942E-05","-5.35770050191786E-05"
"-0.00118036835920066","0.00270930421538651","-0.00409544724971056","0.000138221628731117","-9.6207091701217E-05","-1.54579975060187E-05"
"0.000261939014308155","0.0031470290850848","-0.00204979395493865","8.39275744510815E-05","0.0001076698245015","6.48366112727672E-05"
"-0.00115514232311398","0.00234643369913101","-0.00254436046816409","5.85163797950372E-05","-2.03464915102813E-05","-6.19586862740107E-05"
"-0.000615680706687272","0.00470406748354435","-0.00618924340233207","0.000236609746934846","-4.20660580857657E-05","-4.13105444749817E-05"
"-0.0015108126681298","0.000850322714541107","0.00465160282328725","7.02581237419508E-05","1.58949260367081E-05","2.09397803700995E-05"
"-0.00172165071126074","0.00199352507479489","-0.00257488735951483","8.33615777082741E-05","8.88563299668022E-05","-0.000134342481032945"
"-0.000918200123123825","0.00287782168015838","-0.00205429759807885","0.00016973220044747","-8.24731032480486E-05","-5.50856930203736E-06"
"-0.000836982624605298","-0.000539942877367139","0.00156076985877007","-8.15354142105207E-05","0.000136649076011963","-5.55733167857397E-05"
"-0.00204045954160392","0.0031945810187608","-0.0040649538859725","0.000114782000309788","-3.57909848389681E-05","-1.55785382958129E-05"
"-0.000603083753958344","0.00202214997261763","-0.00204950105398893","9.96917297015898E-05","-3.52018214471173E-05","1.97633744392078E-06"
"-0.00123577145859599","0.00202465383335948","0.00305256503634155","0.000187951416592114","3.96841314795893E-05","-4.98933441122063E-05"
"-0.00325086759403348","0.00485628750175238","-0.000954194227233529","0.000180309085408226","5.34220125700813E-05","2.3004860850051E-05"
"-0.00176445895340294","-0.000683836988173425","0.00152514479123056","8.19303240859881E-05","0.000173147811437957","1.94926469703205E-05"
"-0.00322585040703416","0.00351752317510545","0.000566071248613298","0.000132725399453193","5.34240680281073E-05","-7.74620930314995E-05"
"-0.00151889328844845","0.00019662594422698","0.0056709791533649","7.69409525673836E-05","-2.65813250734936E-05","1.21362663776381E-05"
"-0.000834989477880299","0.00148952228482813","-0.00671791052445769","0.000107841435237788","9.68917956924997E-05","-8.10246128821746E-05"
"-0.00298208650201559","0.0033820909447968","0.0020904578268528","0.000205775475478731","-2.60822052950971E-05","-3.05765788652934E-05"
"0.00111730955541134","0.000345482956618071","-0.00112491194158792","0.000167465579579584","3.1417377613252E-05","-7.08862808096455E-06"
"-0.00321621028706431","0.00351656461134553","3.26962181134149E-05","0.000146983191370964","6.23917585471645E-05","-0.000131757318740711"
"0.00055975082796067","0.00400277599692345","-0.000496374617796391","4.78066685900558E-05","-2.34147973969812E-05","-5.25410796399228E-05"
"-0.00170442194212228","0.00128594925627112","-0.00306695839390159","1.64930352184456E-05","0.00022412785619963","-3.64578190783504E-05"
"-0.00437280256301165","0.00154311419464648","-0.00306688086129725","0.000214075611438602","2.54450169450138E-05","-7.72930288803764E-05"
"-3.8886209949851E-05","0.000991218257695436","0.00153829099144787","5.7213048421545E-05","7.6502954470925E-05","5.56875165784732E-05"
"-0.000877567334100604","0.00349288946017623","-0.00312174065038562","0.000160807816428132","0.000113782625703607","-0.000133129156893119"
"-0.00211681611835957","0.00120284617878497","0.00460616545751691","0.000193195723113604","2.37607600865886E-05","-4.03533449571114E-05"
"0.00116788898594677","-0.000380236888304353","0.00100594863761216","-4.96292741445359E-05","0.000148075690958649","3.48076537193265E-05"
"-0.00261033116839826","0.00317519507370889","-0.00457673752680421","0.000114903959911317","5.58397587155923E-05","-1.58104448928498E-05"
"0.000843474757857621","0.00282456493005157","2.22110575123224E-05","1.96136224985821E-05","1.53326218423899E-05","4.62252610304859E-05"
"2.33712489716709E-06","1.05085346149281E-05","-0.006258400157094","0.000179382797796279","5.38288986717816E-05","-2.60704146057833E-05"
"-7.24870478734374E-05","0.00304429279640317","-0.00159674696624279","0.000245466537307948","-4.88778932776768E-05","-2.26666288654087E-05"
"0.00144508900120854","0.00248723058030009","-0.00467692967504263","0.000104641243524384","6.17134937783703E-05","6.99431325301703E-07"
"-0.00180150615051389","0.00335717387497425","-4.27957056672312E-05","0.000248779135290533","7.27451988495886E-05","-0.000112607951450627"
"-0.000881505955476314","0.00218445202335715","-0.0025547482073307","8.67630951688625E-05","-2.34677936532535E-05","-1.63576878549065E-05"
"-0.00231712567619979","0.00131807290017605","-0.00153710751328617","9.11061579245143E-05","0.000154601453687064","-6.17489276919514E-05"
"-0.00175736856181175","0.00434467755258083","-0.00460028555244207","0.000158246184582822","4.64585791632999E-05","-3.31194678437896E-05"
"-0.00147209444548935","0.00250117527320981","0.00366696529090405","-1.46891179610975E-05","6.72830583425821E-06","-5.25036848557647E-05"
"-0.00316182244569063","0.00117083662189543","-0.00461099902167916","0.000104649749118835","8.84494511410594E-05","-9.80981858447194E-05"
"-0.00214080675505102","0.00353744998574257","0.00415123905986547","0.000193180647329427","5.94259654462803E-06","6.00153653067537E-05"
"-0.00148415670264512","0.00248540146276355","-0.000541862973477691","0.000164406796102412","0.000179283364559524","-5.12842343596276E-05"
"-0.000361386104486883","0.00220035132952034","0.00097777706105262","0.000204949625185691","-1.21467528515495E-05","-4.11020046158228E-05"
"-0.00117328600026667","0.00166166480630636","-0.00206526136025786","0.000110243032395374","9.91502965916879E-05","-1.63401055033319E-05"
"-0.00234011025168002","0.00234287278726697","-0.00515360897406936","0.000209061487112194","0.000113292859168723","-5.97789039602503E-06"
"-0.00153743126429617","0.00220903288573027","0.00361137185245752","0.000161313597345725","-4.28474231739528E-05","1.36461385409348E-05"
"-0.00263513764366508","0.000504539639223367","0.00157701247371733","6.68476714054123E-05","8.04119117674418E-05","2.07687480724417E-06"
"-0.00268520601093769","0.00455454085022211","-0.000992160406894982","0.000235352505114861","-5.43549685971811E-05","-2.14062019949779E-05"
"-0.00114475248847157","0.00198017968796194","-0.00512415263801813","7.04505509929731E-05","0.000124481011880562","2.76611681329086E-05"
"0.000246897398028523","0.00215658778324723","-0.000585299450904131","0.000174515007529408","0.000134528134367429","-4.25611397076864E-05"
"-0.00185515801422298","0.00402529630810022","0.00619695568457246","0.000183076685061678","4.5027285523247E-05","5.93711592955515E-06"
"-0.00260745291598141","-0.0008620674489066","0.00314764562062919","-5.38211133971345E-05","0.000155691101099364","3.61702659574803E-05"
"-0.00492733158171177","0.00418398017063737","-0.00558728072792292","0.000187067504157312","9.96843737084419E-05","-9.56112198764458E-05"
"-9.18685109354556E-05","0.00269353995099664","0.00253467331640422","0.000196380497072823","9.51941910898313E-06","1.35040118038887E-05"
"-0.00117458531167358","0.00197916012257338","-0.0015575474826619","0.000113905276521109","0.000167177000548691","-2.53270882240031E-05"
"-0.00151960551738739","0.00318697839975357","0.00154736067634076","0.000173146196175367","4.26133519795258E-05","-1.37778624775819E-05"
"-0.0014524981379509","0.00114216876681894","0.00050771766109392","5.83112741878722E-05","0.000161404721438885","-7.11619577486999E-05"
"-0.00357014406472445","0.00239619566127658","0.00152381951920688","0.000297713151667267","-9.72960697254166E-06","-8.38672858662903E-05"
"-0.0015210083220154","0.00152517086826265","0.00208262423984706","0.000124337631859817","7.87873796070926E-06","8.48264608066529E-05"
"-0.00137839850503951","-0.000511706864926964","-0.00876342225819826","5.46352239325643E-05","8.63425520947203E-05","-5.55882725166157E-05"
"-0.00265983445569873","0.00351311825215817","-0.000487340032123029","0.000177889087353833","8.98759899428114E-05","-2.29406068683602E-05"
"-0.00176879717037082","2.64418486040086E-05","6.85140548739582E-08","0.000105493338196538","-5.1640126912389E-06","2.14447572943754E-06"
"-0.00232241675257683","0.00265948451124132","-0.000497059838380665","9.15909331524745E-05","0.000111943394585978","-0.000124351616250351"
"-0.000279081810731441","0.000836592516861856","-0.00152138771954924","-4.4517792048282E-06","-2.22382823267253E-05","-9.06067725736648E-06"
"-0.00228685117326677","0.00163242616690695","-0.00461100693792105","6.58044082229026E-05","0.000205726944841444","-4.47893253294751E-05"
"-0.00263693905435503","0.00350290280766785","-0.00255542970262468","0.000177702109795064","0.00012433817028068","-5.07171716890298E-05"
"-0.00114701874554157","0.000656613789033145","0.0020971407648176","-5.22075570188463E-05","2.93120738206198E-05","-7.2320006438531E-05"
"-0.00168382353149354","0.00197008438408375","-0.00514958612620831","5.32906160515267E-05","0.000157145637786016","-0.00016280118143186"
"-0.00156806188169867","0.00289345858618617","0.00150700064841658","0.000304104905808344","-3.28109199472237E-05","2.45850242208689E-05"
"0.00148820388130844","-0.000217398133827373","-0.00209579151123762","-4.79400077892933E-05","0.000145489713759162","-1.12197922135238E-05"
"-0.00463168229907751","0.00335776968859136","-0.00557623896747828","0.000147543745697476","4.50016159447841E-05","-6.01609790464863E-05"
"-0.0011814022436738","0.0033407467417419","3.43103929481003E-05","7.02483375789598E-05","1.32538461912191E-05","-6.09510352660436E-05"
"-0.00232217228040099","0.000342707498930395","-0.00104047486092895","0.000108616652141791","6.98937437846325E-05","-8.86071502463892E-05"
"-0.000960777630098164","0.00488118873909116","0.00154186121653765","0.000222697912249714","-6.55815092613921E-05","-5.76131060370244E-05"
"-0.00121752952691168","0.00135304103605449","0.00413183821365237","7.59553731768392E-05","-4.18945637647994E-06","-6.13591328146867E-06"
"-0.00122176762670279","0.00134078448172659","0.00096931034931913","0.00020992367353756","0.000125345031847246","-3.24089269270189E-05"
"-0.00120190775487572","0.00370349735021591","4.19827847508714E-05","0.000104705613921396","-8.86812485987321E-05","-4.18766649090685E-05"
"-0.00119820469990373","0.00100923574063927","-0.00158266304060817","0.00017693467088975","9.12539544515312E-05","2.72308352577966E-06"
"-0.00263632438145578","0.00418531382456422","-0.00250432942993939","0.00012691505253315","2.14318879443454E-05","-1.47067694342695E-05"
"-7.71291088312864E-05","0.00499688275158405","0.00152834365144372","0.000179399881744757","0.00010285887401551","-2.27630735025741E-05"
"-0.0022697972599417","0.000996054150164127","-0.00616572983562946","7.23835328244604E-05","7.8760196629446E-05","-0.000108298620034475"
"-0.000660904042888433","0.00372500764206052","-0.000525664363522083","0.000224248244194314","-0.000111034518340603","-1.30993321363349E-05"
"-0.00173551775515079","0.000979112810455263","-0.00358101143501699","7.3583833000157E-05","0.000156327296281233","5.49985743418802E-05"
"-0.00297535699792206","0.00370238861069083","-6.41040242044255E-06","0.000269065232714638","6.00409512117039E-05","-6.64990293444134E-05"
"-0.00121023633982986","0.00366826727986336","-0.000513302278704941","0.000164240220328793","9.90866392385215E-05","-1.44966434163507E-05"
"-0.00169312837533653","0.00163410441018641","-0.00355068501085043","-2.3977569071576E-05","0.000130170723423362","-4.58521135442425E-05"
"-0.000641989521682262","0.00202612741850317","0.0030697388574481","0.000128098952700384","-1.84092823474202E-05","-5.07969998579938E-05"
"-0.000567569048143923","0.00030608766246587","0.00206742202863097","-4.17799819842912E-05","9.95828377199359E-05","-6.36042750556953E-05"
"-0.00152485305443406","0.00387717713601887","-0.000562488625291735","0.00028483456117101","1.77028414327651E-06","-0.000111880239273887"
"-0.000591796881053597","0.00101380399428308","-0.000525085837580264","7.16011127224192E-05","-9.7413230832899E-06","-5.28604323335458E-05"
"-0.00264573469758034","0.00116355787031353","0.00048566801706329","0.00017833239689935","0.00017546649905853","-6.90303277224302E-05"
"-0.00155646097846329","0.00418973481282592","0.00204281392507255","0.00026009397697635","8.56336700962856E-05","1.50433661474381E-05"
"-0.000206863420316949","0.000770483922678977","-0.00460891611874104","-9.49228851823136E-05","0.000181831259396859","-6.61664525978267E-05"
"-0.0017682567704469","0.00335007067769766","-0.00259630288928747","0.000204375988687389","6.41766091575846E-05","-0.000113862384750973"
"-0.00151719118002802","0.00153233529999852","-1.83442352863494E-05","0.000198491849005222","1.76534267666284E-05","3.10778159473557E-05"
"-0.000859161838889122","0.00279329554177821","-0.00209684879519045","0.000107322790427133","0.000223914757953025","-0.000143326411489397"
"-0.00205432530492544","0.00517961336299777","-0.000969290733337402","0.000107664396637119","1.47558730532182E-05","-9.60060278885067E-05"
"0.00145341129973531","0.00116595183499157","-0.00211348058655858","5.74858495383523E-05","-6.6371444518154E-06","-7.21234828233719E-05"
"-0.00203348160721362","0.00117063941434026","-0.00415182486176491","0.000178784990566783","0.000118632648081984","-7.01086391927674E-05"
"0.000185096578206867","0.00252374215051532","0.00510202907025814","0.000178784699528478","1.43325960380025E-05","4.62360731035005E-06"
"-0.00344895897433162","0.00197727419435978","-0.000452861830126494","9.29417001316324E-06","0.000149732397403568","-0.000134655259898864"
"-0.000644447864033282","0.00301357288844883","-2.25925614358857E-05","0.000185923941899091","5.87728682148736E-05","3.80862911697477E-06"
"0.000846490613184869","0.00182443670928478","-5.38827371201478E-05","9.54030474531464E-05","6.78031574352644E-05","-6.18409903836437E-05"
"-0.00350889982655644","0.00300160050392151","-0.00150108872912824","0.000157357411808334","0.000142141827382147","-2.35624611377716E-05"
"-0.00184708344750106","0.0036754603497684","0.00568571966141462","0.000164449113071896","0.00010439469042467","4.14794667449314E-05"
"-0.000240363355260342","0.00113094015978277","-0.000497883709613234","-7.70194310462102E-05","8.80120933288708E-05","-0.000127946841530502"
"-0.00182556093204767","0.00268084183335304","0.000433390319813043","0.00031550889252685","0.000166856058058329","-6.6681663156487E-05"
"4.59591683465987E-05","-0.000682254729326814","-0.000994702335447073","-0.000112536872620694","-9.29311772779329E-06","-1.12067291411222E-05"
"-0.00177338335197419","0.00268379645422101","-0.00366933504119515","0.000270760036073625","0.000107687912532128","-0.000122509780339897"
"-0.00215656100772321","0.00518492748960853","0.00462860753759742","0.000271789787802845","0.000125803024275228","-1.09778047772124E-05"
"-0.00114822317846119","0.000322696461807936","-0.00158810790162534","9.25891872611828E-05","0.000116614712169394","-0.000116647919639945"
"-0.00177968246862292","0.00466770492494106","-0.00464728195220232","0.000251410558121279","0.000149473111378029","-4.09737331210636E-05"
"0.000294143537757918","0.000153294022311457","-0.00157958653289825","4.63710202893708E-05","7.40991672500968E-05","-1.8042053852696E-05"
"-0.000258255138760433","-0.000205315722269006","-0.00570465158671141","7.31223626644351E-05","0.000200454218429513","1.73084445123095E-05"
"-3.1615694751963E-05","0.00402822950854898","-0.00414893124252558","0.000197531233425252","-3.18873862852342E-05","-7.80892514740117E-05"
"0.00199010781943798","0.000486732576973736","0.00402360036969185","6.28022899036296E-05","6.28281122772023E-05","-8.02616777946241E-05"
"-0.00319638405926526","0.0028245800640434","-0.000482952920719981","0.000109058819361962","0.00014724547509104","-0.000114819689770229"
"-0.000609992595855147","0.00168574042618275","-0.00101102807093412","8.10186247690581E-05","-2.71236203843728E-05","3.80414894607384E-05"
"-0.00203246902674437","0.00281758909113705","-0.000458134018117562","3.49475303664804E-05","0.000107733038021252","-3.46270026057027E-05"
"-0.0044073099270463","0.00654404144734144","-0.0055576441809535","0.000261821027379483","1.63742006407119E-05","3.3230142435059E-05"
"-0.00117185350973159","0.00199476117268205","-0.00255245086736977","8.51652584969997E-05","8.16964166006073E-05","2.86241574940505E-05"
"-0.00257494114339352","0.00282625621184707","-0.00875931698828936","0.000184418953722343","0.000151239713886753","-0.000115794638986699"
"0.000229096374823712","0.000853034318424761","-9.62075791903771E-05","0.000218284505535848","4.99740490340628E-05","-3.288738662377E-05"
"-0.000825680501293391","-0.00053411303088069","-0.00468560680747032","6.80013254168443E-05","0.000190187362022698","-8.20973364170641E-05"
"-0.000891347299329937","0.00252183014526963","-0.00569467945024371","0.000210340193007141","2.92274253297364E-05","-2.43176291405689E-05"
"-0.00258432957343757","0.000499692221637815","-0.0020282263867557","3.64691586582921E-05","6.39835197944194E-05","-8.07269607321359E-05"
"-0.000880967185366899","0.00214494066312909","-0.00101178593467921","5.65921509405598E-05","0.000129085383377969","1.02504363894695E-05"
"-0.000897150719538331","0.000837637635413557","0.00154848897363991","5.49924225197174E-05","3.5402292269282E-05","-7.43557029636577E-06"
"-0.00257619633339345","0.000149652303662151","-0.00358257535845041","4.77714347653091E-05","0.000140813164762221","-4.50254701718222E-05"
"-0.0020991584751755","0.00153029779903591","0.00304312841035426","0.000211477905395441","4.99186426168308E-05","-0.00010383443441242"
"-5.23338458151557E-05","0.00135362369474024","0.00358743034303188","7.50876060919836E-05","-3.39172838721424E-05","-3.37068413500674E-05"
"-0.00174157088622451","0.000325771397911012","0.00202172342687845","7.68259560572915E-05","0.00011411783634685","-0.000170223094755784"
"-0.00117057678289711","0.00300598051398993","-0.00310827395878732","0.000155389061546884","6.58587159705348E-05","-0.000105957871710416"
"-3.44236614182591E-05","0.00100222032051533","-0.000586507376283407","0.000160507042892277","8.68040806381032E-05","-5.19827153766528E-05"
"-0.00173379946500063","0.00132748298346996","-0.00621093111112714","0.000181293828063644","0.000149583051097579","-3.44409600074869E-05"
"-0.00154538382776082","0.00188042235095054","0.00359792145900428","0.000187219091458246","-4.25754587922711E-05","2.29907236644067E-05"
"-0.00229171989485621","-0.00100839720107615","-0.000986312748864293","-2.58268410107121E-05","6.84235928929411E-05","-4.82743416796438E-07"
"-0.000642078695818782","0.00500413216650486","-0.00362898549064994","0.000255340564763173","0.000119182179332711","4.48761056759395E-06"
"-0.00145011988934129","0.00182031188160181","2.22305752686225E-05","3.69801564374939E-05","9.3024194939062E-05","-6.21138824499212E-05"
"-0.00406575994566083","0.00367873255163431","-0.00512651912868023","0.000224718649405986","0.000133071182062849","-0.000122628582175821"
"-0.00116529269143939","0.00266863685101271","-0.00301998248323798","3.43414139933884E-05","1.29075124277733E-05","6.44060273771174E-05"
"-1.50519190356135E-05","0.000973077316302806","0.00097194075351581","8.50963915581815E-05","0.000162564479978755","-8.01867572590709E-05"
"-0.00210926122963429","0.00385948223993182","0.00102966919075698","0.000226157528231852","5.8121353504248E-05","-3.08680391754024E-05"
"-0.00059795705601573","0.00133192667271942","0.00103166105691344","4.56876914540771E-05","4.07040570280515E-05","-3.48191424563993E-05"
"-0.00257705431431532","0.00346558867022395","-0.00515992706641555","0.000146059246617369","0.000244163384195417","-0.000188087811693549"
"-0.00185746629722416","0.00402541970834136","0.00519270403310657","0.000169376697158441","3.61676975444425E-05","8.70597359607928E-05"
"-0.000569424300920218","0.0012974803103134","-0.000527205411344767","3.02193329844158E-05","0.000168560858583078","-6.29994028713554E-05"
"-0.00176602543797344","0.00330703100189567","0.00108966464176774","4.12225344916806E-05","0.000155075802467763","2.01243237825111E-05"
"0.000527153839357197","0.00166474119760096","-0.00159820273984224","0.000169922946952283","9.69708562479354E-05","6.57201162539423E-05"
