,Time,T1,T2,t1,t2,q1,q2,x,y,x_dot,y_dot,Fx,Fy,Fx_Mea,Fy_Mea
0,0.0,-2.0,0.0,-0.006105006105006083,0.006105006105006083,0.232,0.686,0.24893784661915305,0.11560502817228377,0.0013872603380674052,-0.0029872541594298365,-6.2618606789735525,5.126168789226463,0.00041335987043567,0.0017493650084361434
1,0.015299797058105469,-2.0,0.0,-0.006105006105006083,-0.006105006105006083,0.232,0.685,0.24908978104688798,0.11579081279185405,0.008829724368934951,0.006118090621238543,-6.263930063036852,5.117409639898829,-1.0281615257263184,-2.203918218612671
2,0.031006813049316406,-2.0,0.0,-1.898656898656899,0.030525030525030417,0.249,0.686,0.2534782407797207,0.11449151143893313,0.4179428119567348,-0.10896562979348169,-6.211232487594738,5.084722856810156,-8.532403945922852,-12.018625259399414
3,0.04679989814758301,-2.0,0.0,-2.252747252747252,-0.006105006105006083,0.276,0.686,0.2606486740847973,0.11256481423559181,0.38627668040114677,-0.10665937042431652,-6.136088409217823,5.023207398543194,-8.481487274169922,-11.491928100585938
4,0.06219887733459473,-2.0,0.0,-1.9841269841269842,-0.01831501831501825,0.272,0.686,0.2595897089011363,0.1128624568509233,-0.11790584574535865,0.03562274819860825,-6.146823961257867,5.031995880852866,-5.13775110244751,-7.772467136383057
5,0.07782578468322754,-2.0,0.0,-1.9841269841269842,-0.006105006105006083,0.27,0.686,0.25905978196375895,0.11300968911711692,0.017991584475139853,-0.002245916207963178,-6.152242793170733,5.036431918070857,-6.233818054199219,-8.921557426452637
6,0.09395480155944824,-2.0,0.0,-1.9963369963369964,-0.01831501831501825,0.269,0.686,0.25879470833586166,0.11308290773149396,0.008806332954569573,0.005994186706811848,-6.154965031377892,5.038660433403566,-6.103374481201172,-8.798993110656738
7,0.11003780364990234,-2.0,0.0,-2.0085470085470085,0.006105006105006083,0.27,0.686,0.25905978196375895,0.11300968911711692,0.011630696559124971,-0.00048548872581689276,-6.152242793170733,5.036431918070857,-5.9143805503845215,-8.324421882629395
8,0.12606096267700195,-2.0,0.0,-1.9963369963369964,-0.006105006105006083,0.27,0.686,0.25905978196375895,0.11300968911711692,-0.001356116269405403,0.003108717383565107,-6.152242793170733,5.036431918070857,-5.863067626953125,-8.774301528930664
9,0.14134788513183594,-2.0,0.0,-2.0085470085470085,0.006105006105006083,0.27,0.686,0.25905978196375895,0.11300968911711692,0.005004771646609474,0.0013482899014188214,-6.152242793170733,5.036431918070857,-5.975488662719727,-8.858316421508789
10,0.1570758819580078,-2.0,0.0,-2.0085470085470085,-0.006105006105006083,0.27,0.686,0.25905978196375895,0.11300968911711692,0.005004771646609474,0.0013482899014188214,-6.152242793170733,5.036431918070857,-5.9725213050842285,-8.639633178710938
11,0.17220091819763184,-2.0,0.0,-2.0207570207570207,-0.01831501831501825,0.27,0.686,0.25905978196375895,0.11300968911711692,0.011630696559124971,-0.00048548872581689276,-6.152242793170733,5.036431918070857,-5.810940742492676,-8.521899223327637
12,0.18736982345581055,-2.0,0.0,-2.0207570207570207,-0.01831501831501825,0.27,0.686,0.25905978196375895,0.11300968911711692,0.005004771646609474,0.0013482899014188214,-6.152242793170733,5.036431918070857,-5.9994025230407715,-8.770548820495605
13,0.2029118537902832,-2.0,0.0,-2.0085470085470085,-0.006105006105006083,0.27,0.686,0.25905978196375895,0.11300968911711692,0.00880545433119705,0.005991005823277081,-6.152242793170733,5.036431918070857,-6.00882625579834,-8.738870620727539
14,0.2176518440246582,-2.0,0.0,-1.9963369963369964,0.006105006105006083,0.27,0.686,0.25905978196375895,0.11300968911711692,0.00880545433119705,0.005991005823277081,-6.152242793170733,5.036431918070857,-5.901557922363281,-8.480916023254395
15,0.23229479789733887,-2.0,0.0,-1.9963369963369964,0.01831501831501825,0.27,0.686,0.25905978196375895,0.11300968911711692,0.005004771646609474,0.0013482899014188214,-6.152242793170733,5.036431918070857,-5.877882480621338,-8.728057861328125
16,0.24790596961975098,-2.0,0.0,-2.0085470085470085,0.006105006105006083,0.27,0.686,0.25905978196375895,0.11300968911711692,0.005004771646609474,0.0013482899014188214,-6.152242793170733,5.036431918070857,-5.969633102416992,-8.834760665893555
17,0.2635529041290283,-2.0,0.0,-2.0085470085470085,0.006105006105006083,0.27,0.686,0.25905978196375895,0.11300968911711692,0.005004771646609474,0.0013482899014188214,-6.152242793170733,5.036431918070857,-5.957521438598633,-8.57541275024414
18,0.278918981552124,-2.0,0.0,-1.9963369963369964,0.030525030525030417,0.27,0.686,0.25905978196375895,0.11300968911711692,0.00880545433119705,0.005991005823277081,-6.152242793170733,5.036431918070857,-5.830965995788574,-8.545075416564941
19,0.2946498394012451,-2.0,0.0,-2.0207570207570207,0.006105006105006083,0.27,0.686,0.25905978196375895,0.11300968911711692,0.005004771646609474,0.0013482899014188214,-6.152242793170733,5.036431918070857,-5.981760501861572,-8.821160316467285
20,0.310107946395874,-2.0,0.0,-1.9963369963369964,-0.006105006105006083,0.27,0.686,0.25905978196375895,0.11300968911711692,0.001356116269405403,-0.003108717383565107,-6.152242793170733,5.036431918070857,-5.921029567718506,-8.709389686584473
21,0.32608795166015625,-2.0,0.0,-2.0207570207570207,0.006105006105006083,0.269,0.686,0.25879470833586166,0.11308290773149396,-0.0013569948927779274,0.00310553650003034,-6.154965031377892,5.038660433403566,-5.874211311340332,-8.507246971130371
22,0.3410379886627197,-2.0,0.0,-1.9963369963369964,-0.006105006105006083,0.27,0.686,0.25905978196375895,0.11300968911711692,0.005004771646609474,0.0013482899014188214,-6.152242793170733,5.036431918070857,-5.937768936157227,-8.702731132507324
23,0.3571000099182129,-2.0,0.0,-2.0085470085470085,-0.006105006105006083,0.269,0.686,0.25879470833586166,0.11308290773149396,-0.0013569948927779274,0.00310553650003034,-6.154965031377892,5.038660433403566,-5.894937515258789,-8.775712013244629
24,0.3725597858428955,-2.0,0.0,-1.9963369963369964,-0.006105006105006083,0.27,0.686,0.25905978196375895,0.11300968911711692,0.001356116269405403,-0.003108717383565107,-6.152242793170733,5.036431918070857,-5.910362243652344,-8.591348648071289
25,0.3879098892211914,-2.0,0.0,-2.0207570207570207,0.01831501831501825,0.27,0.686,0.25905978196375895,0.11300968911711692,0.005004771646609474,0.0013482899014188214,-6.152242793170733,5.036431918070857,-5.902294635772705,-8.603028297424316
26,0.40398383140563965,-2.0,0.0,-1.9963369963369964,-0.01831501831501825,0.27,0.686,0.25905978196375895,0.11300968911711692,0.001356116269405403,-0.003108717383565107,-6.152242793170733,5.036431918070857,-5.911071300506592,-8.764154434204102
27,0.41928887367248535,-2.0,0.0,-1.9963369963369964,0.01831501831501825,0.269,0.686,0.25879470833586166,0.11308290773149396,-0.005005650269981999,-0.0013514707849535887,-6.154965031377892,5.038660433403566,-5.905187129974365,-8.66412353515625
28,0.4353468418121338,-2.0,0.0,-1.9963369963369964,-0.01831501831501825,0.269,0.686,0.25879470833586166,0.11308290773149396,-0.0013569948927779274,0.00310553650003034,-6.154965031377892,5.038660433403566,-5.905272960662842,-8.570016860961914
29,0.45110082626342773,-2.0,0.0,-2.0207570207570207,0.01831501831501825,0.27,0.686,0.25905978196375895,0.11300968911711692,0.005004771646609474,0.0013482899014188214,-6.152242793170733,5.036431918070857,-5.91122579574585,-8.699193000793457
30,0.4662299156188965,-2.0,0.0,-2.0085470085470085,-0.006105006105006083,0.27,0.686,0.25905978196375895,0.11300968911711692,0.005004771646609474,0.0013482899014188214,-6.152242793170733,5.036431918070857,-5.885862827301025,-8.704488754272461
31,0.4823119640350342,-2.0,0.0,-1.9963369963369964,-0.006105006105006083,0.27,0.686,0.25905978196375895,0.11300968911711692,0.00880545433119705,0.005991005823277081,-6.152242793170733,5.036431918070857,-5.9131245613098145,-8.602113723754883
32,0.4975450038909912,-2.0,0.0,-2.0085470085470085,0.006105006105006083,0.27,0.686,0.25905978196375895,0.11300968911711692,0.005004771646609474,0.0013482899014188214,-6.152242793170733,5.036431918070857,-5.915684223175049,-8.633448600769043
33,0.5132827758789062,-2.0,0.0,-2.0085470085470085,0.01831501831501825,0.27,0.686,0.25905978196375895,0.11300968911711692,0.005004771646609474,0.0013482899014188214,-6.152242793170733,5.036431918070857,-5.886334419250488,-8.711668014526367
34,0.5291969776153564,-2.0,0.0,-1.9963369963369964,0.006105006105006083,0.27,0.686,0.25905978196375895,0.11300968911711692,0.001356116269405403,-0.003108717383565107,-6.152242793170733,5.036431918070857,-5.90333890914917,-8.642236709594727
35,0.5449028015136719,-2.0,0.0,-1.9841269841269842,0.006105006105006083,0.27,0.686,0.25905978196375895,0.11300968911711692,0.001356116269405403,-0.003108717383565107,-6.152242793170733,5.036431918070857,-5.909891605377197,-8.599503517150879
36,0.5599758625030518,-2.0,0.0,-2.0085470085470085,-0.030525030525030417,0.27,0.686,0.25905978196375895,0.11300968911711692,0.005004771646609474,0.0013482899014188214,-6.152242793170733,5.036431918070857,-5.891263484954834,-8.682137489318848
37,0.5756669044494629,-2.0,0.0,-1.9963369963369964,0.01831501831501825,0.27,0.686,0.25905978196375895,0.11300968911711692,0.005004771646609474,0.0013482899014188214,-6.152242793170733,5.036431918070857,-5.887599945068359,-8.678913116455078
38,0.5912518501281738,-2.0,0.0,-1.9963369963369964,-0.006105006105006083,0.269,0.686,0.25879470833586166,0.11308290773149396,-0.005005650269981999,-0.0013514707849535887,-6.154965031377892,5.038660433403566,-5.912508964538574,-8.606538772583008
39,0.6064538955688477,-2.0,0.0,-2.0207570207570207,-0.006105006105006083,0.27,0.686,0.25905978196375895,0.11300968911711692,0.011630696559124971,-0.00048548872581689276,-6.152242793170733,5.036431918070857,-5.897841930389404,-8.640997886657715
40,0.6223328113555908,-2.0,0.0,-1.9841269841269842,-0.006105006105006083,0.27,0.686,0.25905978196375895,0.11300968911711692,0.005004771646609474,0.0013482899014188214,-6.152242793170733,5.036431918070857,-5.880481719970703,-8.690475463867188
41,0.6379389762878418,-2.0,0.0,-2.0085470085470085,0.006105006105006083,0.27,0.686,0.25905978196375895,0.11300968911711692,0.005004771646609474,0.0013482899014188214,-6.152242793170733,5.036431918070857,-5.909257411956787,-8.635117530822754
42,0.6540110111236572,-2.0,0.0,-1.9963369963369964,0.030525030525030417,0.27,0.686,0.25905978196375895,0.11300968911711692,0.005004771646609474,0.0013482899014188214,-6.152242793170733,5.036431918070857,-5.901067733764648,-8.612507820129395
43,0.6691689491271973,-2.0,0.0,-1.9963369963369964,0.006105006105006083,0.27,0.686,0.25905978196375895,0.11300968911711692,0.011630696559124971,-0.00048548872581689276,-6.152242793170733,5.036431918070857,-5.877770900726318,-8.667824745178223
44,0.6847620010375977,-2.0,0.0,-1.9963369963369964,0.01831501831501825,0.27,0.686,0.25905978196375895,0.11300968911711692,0.001356116269405403,-0.003108717383565107,-6.152242793170733,5.036431918070857,-5.8917646408081055,-8.658559799194336
45,0.7003138065338135,-2.0,0.0,-2.0085470085470085,-0.01831501831501825,0.27,0.686,0.25905978196375895,0.11300968911711692,0.005004771646609474,0.0013482899014188214,-6.152242793170733,5.036431918070857,-5.908437728881836,-8.612188339233398
46,0.7152328491210938,-2.0,0.0,-2.0207570207570207,-0.01831501831501825,0.27,0.686,0.25905978196375895,0.11300968911711692,-0.001356116269405403,0.003108717383565107,-6.152242793170733,5.036431918070857,-5.885761737823486,-8.640978813171387
47,0.7304918766021729,-2.0,0.0,-1.9963369963369964,0.006105006105006083,0.27,0.686,0.25905978196375895,0.11300968911711692,0.0079820411819209,-0.004942496010800821,-6.152242793170733,5.036431918070857,-5.87826681137085,-8.66375732421875
48,0.746100902557373,-2.0,0.0,-1.9963369963369964,0.01831501831501825,0.27,0.686,0.25905978196375895,0.11300968911711692,0.005004771646609474,0.0013482899014188214,-6.152242793170733,5.036431918070857,-5.905146598815918,-8.631905555725098
49,0.7617537975311279,-2.0,0.0,-1.9963369963369964,0.006105006105006083,0.27,0.686,0.25905978196375895,0.11300968911711692,0.001356116269405403,-0.003108717383565107,-6.152242793170733,5.036431918070857,-5.8934550285339355,-8.6270170211792
50,0.7772729396820068,-2.0,0.0,-1.9841269841269842,0.006105006105006083,0.27,0.686,0.25905978196375895,0.11300968911711692,0.00880545433119705,0.005991005823277081,-6.152242793170733,5.036431918070857,-5.878368377685547,-8.65922737121582
51,0.7920877933502197,-2.0,0.0,-2.0085470085470085,-0.006105006105006083,0.27,0.686,0.25905978196375895,0.11300968911711692,0.00880545433119705,0.005991005823277081,-6.152242793170733,5.036431918070857,-5.897584915161133,-8.638182640075684
52,0.8079488277435303,-2.0,0.0,-1.9963369963369964,0.030525030525030417,0.27,0.686,0.25905978196375895,0.11300968911711692,0.00880545433119705,0.005991005823277081,-6.152242793170733,5.036431918070857,-5.8922553062438965,-8.61190128326416
53,0.8230447769165039,-2.0,0.0,-1.9963369963369964,-0.006105006105006083,0.27,0.686,0.25905978196375895,0.11300968911711692,0.00880545433119705,0.005991005823277081,-6.152242793170733,5.036431918070857,-5.876097202301025,-8.650246620178223
54,0.837805986404419,-2.0,0.0,-1.9963369963369964,0.006105006105006083,0.27,0.686,0.25905978196375895,0.11300968911711692,0.005004771646609474,0.0013482899014188214,-6.152242793170733,5.036431918070857,-5.8848724365234375,-8.651479721069336
55,0.8528099060058594,-2.0,0.0,-2.0207570207570207,0.006105006105006083,0.27,0.686,0.25905978196375895,0.11300968911711692,0.005004771646609474,0.0013482899014188214,-6.152242793170733,5.036431918070857,-5.899752616882324,-8.611722946166992
56,0.867865800857544,-2.0,0.0,-1.9963369963369964,0.006105006105006083,0.27,0.686,0.25905978196375895,0.11300968911711692,0.011630696559124971,-0.00048548872581689276,-6.152242793170733,5.036431918070857,-5.881867408752441,-8.62398624420166
57,0.8835999965667725,-2.0,0.0,-1.9841269841269842,0.006105006105006083,0.27,0.686,0.25905978196375895,0.11300968911711692,0.005004771646609474,0.0013482899014188214,-6.152242793170733,5.036431918070857,-5.876270771026611,-8.659340858459473
58,0.8990268707275391,-2.0,0.0,-1.9963369963369964,-0.01831501831501825,0.27,0.686,0.25905978196375895,0.11300968911711692,0.001356116269405403,-0.003108717383565107,-6.152242793170733,5.036431918070857,-5.892982006072998,-8.62885856628418
59,0.9151678085327148,-2.0,0.0,-2.0085470085470085,-0.006105006105006083,0.27,0.686,0.25905978196375895,0.11300968911711692,0.005004771646609474,0.0013482899014188214,-6.152242793170733,5.036431918070857,-5.888965606689453,-8.608454704284668
60,0.9298849105834961,-2.0,0.0,-2.0207570207570207,-0.006105006105006083,0.27,0.686,0.25905978196375895,0.11300968911711692,0.00880545433119705,0.005991005823277081,-6.152242793170733,5.036431918070857,-5.875555515289307,-8.6443452835083
61,0.9462158679962158,-2.0,0.0,-2.0085470085470085,0.01831501831501825,0.27,0.686,0.25905978196375895,0.11300968911711692,0.005004771646609474,0.0013482899014188214,-6.152242793170733,5.036431918070857,-5.882017135620117,-8.640335083007812
62,0.9610397815704346,-2.0,0.0,-1.9841269841269842,-0.01831501831501825,0.27,0.686,0.25905978196375895,0.11300968911711692,0.005004771646609474,0.0013482899014188214,-6.152242793170733,5.036431918070857,-5.892368316650391,-8.614089965820312
63,0.9765617847442627,-2.0,0.0,-1.9963369963369964,0.006105006105006083,0.27,0.686,0.25905978196375895,0.11300968911711692,0.002444566415182171,0.007751433305423366,-6.152242793170733,5.036431918070857,-5.882057189941406,-8.633468627929688
64,0.9920918941497803,-2.0,0.0,-2.0085470085470085,0.006105006105006083,0.27,0.686,0.25905978196375895,0.11300968911711692,0.00880545433119705,0.005991005823277081,-6.152242793170733,5.036431918070857,-5.869860649108887,-8.634318351745605
65,1.0068519115447998,-2.0,0.0,-1.9963369963369964,0.006105006105006083,0.27,0.686,0.25905978196375895,0.11300968911711692,0.005004771646609474,0.0013482899014188214,-6.152242793170733,5.036431918070857,-5.88801383972168,-8.619523048400879
66,1.0222358703613281,-2.0,0.0,-2.0085470085470085,0.006105006105006083,0.27,0.686,0.25905978196375895,0.11300968911711692,0.005004771646609474,0.0013482899014188214,-6.152242793170733,5.036431918070857,-5.88824462890625,-8.625988006591797
67,1.037517786026001,-2.0,0.0,-2.0085470085470085,0.006105006105006083,0.269,0.686,0.25879470833586166,0.11308290773149396,-0.0013569948927779274,0.00310553650003034,-6.154965031377892,5.038660433403566,-5.871120929718018,-8.633110046386719
68,1.0530519485473633,-2.0,0.0,-2.0085470085470085,0.006105006105006083,0.27,0.686,0.25905978196375895,0.11300968911711692,0.00880545433119705,0.005991005823277081,-6.152242793170733,5.036431918070857,-5.882455825805664,-8.618263244628906
69,1.0687618255615234,-2.0,0.0,-1.9963369963369964,0.01831501831501825,0.27,0.686,0.25905978196375895,0.11300968911711692,0.001356116269405403,-0.003108717383565107,-6.152242793170733,5.036431918070857,-5.882678508758545,-8.617047309875488
70,1.083690881729126,-2.0,0.0,-1.9963369963369964,0.01831501831501825,0.27,0.686,0.25905978196375895,0.11300968911711692,0.005004771646609474,0.0013482899014188214,-6.152242793170733,5.036431918070857,-5.869208812713623,-8.633870124816895
71,1.0987539291381836,-2.0,0.0,-2.0085470085470085,0.006105006105006083,0.27,0.686,0.25905978196375895,0.11300968911711692,0.00880545433119705,0.005991005823277081,-6.152242793170733,5.036431918070857,-5.875699996948242,-8.622766494750977
72,1.1139028072357178,-2.0,0.0,-1.9963369963369964,0.006105006105006083,0.27,0.686,0.25905978196375895,0.11300968911711692,0.001356116269405403,-0.003108717383565107,-6.152242793170733,5.036431918070857,-5.889265060424805,-8.610549926757812
73,1.1449229717254639,-2.0,0.0,-1.9963369963369964,-0.006105006105006083,0.27,0.686,0.25905978196375895,0.11300968911711692,0.005004771646609474,0.0013482899014188214,-6.152242793170733,5.036431918070857,-5.8774542808532715,-8.631134986877441
74,1.1599929332733154,-2.0,0.0,-2.0207570207570207,0.006105006105006083,0.27,0.686,0.25905978196375895,0.11300968911711692,0.005004771646609474,0.0013482899014188214,-6.152242793170733,5.036431918070857,-5.8681416511535645,-8.630462646484375
75,1.176023006439209,-2.0,0.0,-1.9841269841269842,-0.006105006105006083,0.27,0.686,0.25905978196375895,0.11300968911711692,0.001356116269405403,-0.003108717383565107,-6.152242793170733,5.036431918070857,-5.884069919586182,-8.609945297241211
76,1.1912429332733154,-2.0,0.0,-1.9963369963369964,0.006105006105006083,0.27,0.686,0.25905978196375895,0.11300968911711692,0.005004771646609474,0.0013482899014188214,-6.152242793170733,5.036431918070857,-5.8833184242248535,-8.616828918457031
77,1.2070438861846924,-2.0,0.0,-2.0085470085470085,-0.006105006105006083,0.27,0.686,0.25905978196375895,0.11300968911711692,0.015431379243712545,0.004157227196041367,-6.152242793170733,5.036431918070857,-5.86492919921875,-8.624817848205566
78,1.2227768898010254,-2.0,0.0,-2.0085470085470085,-0.01831501831501825,0.27,0.686,0.25905978196375895,0.11300968911711692,0.005004771646609474,0.0013482899014188214,-6.152242793170733,5.036431918070857,-5.876813888549805,-8.61955738067627
79,1.2381279468536377,-2.0,0.0,-1.9963369963369964,-0.006105006105006083,0.27,0.686,0.25905978196375895,0.11300968911711692,0.005004771646609474,0.0013482899014188214,-6.152242793170733,5.036431918070857,-5.880175590515137,-8.617355346679688
80,1.25347900390625,-2.0,0.0,-1.9963369963369964,0.01831501831501825,0.269,0.686,0.25879470833586166,0.11308290773149396,-0.0013569948927779274,0.00310553650003034,-6.154965031377892,5.038660433403566,-5.8655476570129395,-8.617362976074219
81,1.2682819366455078,-2.0,0.0,-1.9963369963369964,-0.006105006105006083,0.27,0.686,0.25905978196375895,0.11300968911711692,0.001356116269405403,-0.003108717383565107,-6.152242793170733,5.036431918070857,-5.874333381652832,-8.617305755615234
82,1.2837519645690918,-2.0,0.0,-1.9963369963369964,0.006105006105006083,0.27,0.686,0.25905978196375895,0.11300968911711692,0.00880545433119705,0.005991005823277081,-6.152242793170733,5.036431918070857,-5.882286548614502,-8.613868713378906
83,1.2993278503417969,-2.0,0.0,-2.0085470085470085,0.006105006105006083,0.27,0.686,0.25905978196375895,0.11300968911711692,0.011630696559124971,-0.00048548872581689276,-6.152242793170733,5.036431918070857,-5.872285842895508,-8.624676704406738
84,1.314255952835083,-2.0,0.0,-2.0085470085470085,0.01831501831501825,0.27,0.686,0.25905978196375895,0.11300968911711692,0.005004771646609474,0.0013482899014188214,-6.152242793170733,5.036431918070857,-5.868751049041748,-8.614109992980957
85,1.3295140266418457,-2.0,0.0,-2.0085470085470085,0.01831501831501825,0.27,0.686,0.25905978196375895,0.11300968911711692,-0.001356116269405403,0.003108717383565107,-6.152242793170733,5.036431918070857,-5.879756450653076,-8.609055519104004
86,1.3454208374023438,-2.0,0.0,-2.0085470085470085,0.006105006105006083,0.27,0.686,0.25905978196375895,0.11300968911711692,-0.005004771646609474,-0.0013482899014188214,-6.152242793170733,5.036431918070857,-5.873288154602051,-8.616836547851562
87,1.3611040115356445,-2.0,0.0,-2.0085470085470085,-0.01831501831501825,0.27,0.686,0.25905978196375895,0.11300968911711692,0.005004771646609474,0.0013482899014188214,-6.152242793170733,5.036431918070857,-5.865459442138672,-8.623924255371094
88,1.3765709400177002,-2.0,0.0,-1.9963369963369964,0.01831501831501825,0.269,0.686,0.25879470833586166,0.11308290773149396,-0.0013569948927779274,0.00310553650003034,-6.154965031377892,5.038660433403566,-5.877912998199463,-8.612370491027832
89,1.392007827758789,-2.0,0.0,-2.0085470085470085,0.01831501831501825,0.27,0.686,0.25905978196375895,0.11300968911711692,0.005004771646609474,0.0013482899014188214,-6.152242793170733,5.036431918070857,-5.874817848205566,-8.609421730041504
90,1.4072518348693848,-2.0,0.0,-2.0085470085470085,-0.006105006105006083,0.27,0.686,0.25905978196375895,0.11300968911711692,0.005004771646609474,0.0013482899014188214,-6.152242793170733,5.036431918070857,-5.866626739501953,-8.619928359985352
91,1.4228119850158691,-2.0,0.0,-2.0085470085470085,-0.006105006105006083,0.27,0.686,0.25905978196375895,0.11300968911711692,0.005004771646609474,0.0013482899014188214,-6.152242793170733,5.036431918070857,-5.874258995056152,-8.619471549987793
92,1.438735008239746,-2.0,0.0,-2.0207570207570207,-0.006105006105006083,0.27,0.686,0.25905978196375895,0.11300968911711692,-0.001356116269405403,0.003108717383565107,-6.152242793170733,5.036431918070857,-5.877899169921875,-8.608935356140137
93,1.454054832458496,-2.0,0.0,-2.0207570207570207,0.01831501831501825,0.27,0.686,0.25905978196375895,0.11300968911711692,-0.001356116269405403,0.003108717383565107,-6.152242793170733,5.036431918070857,-5.86569356918335,-8.610830307006836
94,1.4687409400939941,-2.0,0.0,-1.9963369963369964,-0.01831501831501825,0.269,0.686,0.25879470833586166,0.11308290773149396,-0.0013569948927779274,0.00310553650003034,-6.154965031377892,5.038660433403566,-5.869384288787842,-8.612656593322754
95,1.4847190380096436,-2.0,0.0,-1.9963369963369964,0.006105006105006083,0.269,0.686,0.25879470833586166,0.11308290773149396,-0.0013569948927779274,0.00310553650003034,-6.154965031377892,5.038660433403566,-5.876884937286377,-8.612825393676758
96,1.5002539157867432,-2.0,0.0,-2.0085470085470085,-0.01831501831501825,0.27,0.686,0.25905978196375895,0.11300968911711692,0.005004771646609474,0.0013482899014188214,-6.152242793170733,5.036431918070857,-5.867118835449219,-8.613845825195312
97,1.5157909393310547,-2.0,0.0,-1.9963369963369964,-0.006105006105006083,0.27,0.686,0.25905978196375895,0.11300968911711692,0.005004771646609474,0.0013482899014188214,-6.152242793170733,5.036431918070857,-5.866410732269287,-8.611227035522461
98,1.5312039852142334,-2.0,0.0,-1.9963369963369964,-0.006105006105006083,0.27,0.686,0.25905978196375895,0.11300968911711692,0.005004771646609474,0.0013482899014188214,-6.152242793170733,5.036431918070857,-5.874515533447266,-8.607455253601074
99,1.5470709800720215,-2.0,0.0,-1.9963369963369964,0.01831501831501825,0.27,0.686,0.25905978196375895,0.11300968911711692,0.0079820411819209,-0.004942496010800821,-6.152242793170733,5.036431918070857,-5.87300443649292,-8.612154960632324
100,1.5623278617858887,-2.0,0.0,-1.9963369963369964,0.006105006105006083,0.27,0.686,0.25905978196375895,0.11300968911711692,0.021792267159727426,0.002396799713895081,-6.152242793170733,5.036431918070857,-5.86492919921875,-8.616153717041016
101,1.5779459476470947,-2.0,0.0,-2.0085470085470085,-0.030525030525030417,0.27,0.686,0.25905978196375895,0.11300968911711692,0.0079820411819209,-0.004942496010800821,-6.152242793170733,5.036431918070857,-5.869235038757324,-8.605048179626465
102,1.5930209159851074,-2.0,0.0,-2.0085470085470085,0.006105006105006083,0.27,0.686,0.25905978196375895,0.11300968911711692,0.0079820411819209,-0.004942496010800821,-6.152242793170733,5.036431918070857,-5.8733978271484375,-8.601004600524902
103,1.609400987625122,-2.0,0.0,-2.0085470085470085,0.006105006105006083,0.27,0.686,0.25905978196375895,0.11300968911711692,0.005004771646609474,0.0013482899014188214,-6.152242793170733,5.036431918070857,-5.865927219390869,-8.61552619934082
104,1.6243009567260742,-2.0,0.0,-2.0085470085470085,-0.006105006105006083,0.27,0.686,0.25905978196375895,0.11300968911711692,0.0079820411819209,-0.004942496010800821,-6.152242793170733,5.036431918070857,-5.865359306335449,-8.612435340881348
105,1.6402218341827393,-2.0,0.0,-1.9963369963369964,0.006105006105006083,0.27,0.686,0.25905978196375895,0.11300968911711692,0.005004771646609474,0.0013482899014188214,-6.152242793170733,5.036431918070857,-5.872142314910889,-8.605382919311523
106,1.6559669971466064,-2.0,0.0,-1.9963369963369964,-0.006105006105006083,0.27,0.686,0.25905978196375895,0.11300968911711692,-0.001356116269405403,0.003108717383565107,-6.152242793170733,5.036431918070857,-5.866689682006836,-8.605877876281738
107,1.6710479259490967,-2.0,0.0,-1.9963369963369964,-0.006105006105006083,0.27,0.686,0.25905978196375895,0.11300968911711692,0.0079820411819209,-0.004942496010800821,-6.152242793170733,5.036431918070857,-5.862600326538086,-8.607824325561523
108,1.6860630512237549,-2.0,0.0,-2.0085470085470085,-0.006105006105006083,0.27,0.686,0.25905978196375895,0.11300968911711692,-0.001356116269405403,0.003108717383565107,-6.152242793170733,5.036431918070857,-5.870527744293213,-8.61180591583252
109,1.701429843902588,-2.0,0.0,-2.0085470085470085,-0.01831501831501825,0.27,0.686,0.25905978196375895,0.11300968911711692,0.00880545433119705,0.005991005823277081,-6.152242793170733,5.036431918070857,-5.868984699249268,-8.605729103088379
110,1.7174208164215088,-2.0,0.0,-2.0085470085470085,-0.006105006105006083,0.27,0.686,0.25905978196375895,0.11300968911711692,0.011630696559124971,-0.00048548872581689276,-6.152242793170733,5.036431918070857,-5.868127346038818,-8.603560447692871
111,1.7332088947296143,-2.0,0.0,-2.0085470085470085,-0.01831501831501825,0.27,0.686,0.25905978196375895,0.11300968911711692,0.005004771646609474,0.0013482899014188214,-6.152242793170733,5.036431918070857,-5.867952823638916,-8.603949546813965
112,1.7486259937286377,-2.0,0.0,-1.9963369963369964,-0.006105006105006083,0.27,0.686,0.25905978196375895,0.11300968911711692,-0.001356116269405403,0.003108717383565107,-6.152242793170733,5.036431918070857,-5.8667497634887695,-8.609630584716797
113,1.7639708518981934,-2.0,0.0,-2.0085470085470085,-0.006105006105006083,0.27,0.686,0.25905978196375895,0.11300968911711692,0.005004771646609474,0.0013482899014188214,-6.152242793170733,5.036431918070857,-5.866334438323975,-8.608741760253906
114,1.7789299488067627,-2.0,0.0,-2.0085470085470085,-0.006105006105006083,0.269,0.686,0.25879470833586166,0.11308290773149396,-0.0013569948927779274,0.00310553650003034,-6.154965031377892,5.038660433403566,-5.8658623695373535,-8.601076126098633
115,1.7945220470428467,-2.0,0.0,-1.9963369963369964,-0.006105006105006083,0.27,0.686,0.25905978196375895,0.11300968911711692,0.00880545433119705,0.005991005823277081,-6.152242793170733,5.036431918070857,-5.867404460906982,-8.603135108947754
116,1.810187816619873,-2.0,0.0,-1.9841269841269842,0.006105006105006083,0.27,0.686,0.25905978196375895,0.11300968911711692,0.011630696559124971,-0.00048548872581689276,-6.152242793170733,5.036431918070857,-5.865483283996582,-8.606078147888184
117,1.8262529373168945,-2.0,0.0,-2.0085470085470085,-0.006105006105006083,0.27,0.686,0.25905978196375895,0.11300968911711692,0.011630696559124971,-0.00048548872581689276,-6.152242793170733,5.036431918070857,-5.86900520324707,-8.608978271484375
118,1.8414108753204346,-2.0,0.0,-1.9963369963369964,-0.030525030525030417,0.27,0.686,0.25905978196375895,0.11300968911711692,0.005004771646609474,0.0013482899014188214,-6.152242793170733,5.036431918070857,-5.8669209480285645,-8.602607727050781
119,1.857118844985962,-2.0,0.0,-1.9963369963369964,0.01831501831501825,0.27,0.686,0.25905978196375895,0.11300968911711692,-0.005004771646609474,-0.0013482899014188214,-6.152242793170733,5.036431918070857,-5.863025188446045,-8.599710464477539
120,1.873255968093872,-2.0,0.0,-2.0085470085470085,0.01831501831501825,0.27,0.686,0.25905978196375895,0.11300968911711692,0.00880545433119705,0.005991005823277081,-6.152242793170733,5.036431918070857,-5.864723205566406,-8.60869312286377
121,1.889050006866455,-2.0,0.0,-1.9963369963369964,0.006105006105006083,0.27,0.686,0.25905978196375895,0.11300968911711692,0.005004771646609474,0.0013482899014188214,-6.152242793170733,5.036431918070857,-5.864190101623535,-8.604517936706543
122,1.9052019119262695,-2.0,0.0,-2.0085470085470085,-0.01831501831501825,0.27,0.686,0.25905978196375895,0.11300968911711692,0.00880545433119705,0.005991005823277081,-6.152242793170733,5.036431918070857,-5.866180896759033,-8.601903915405273
123,1.920421838760376,-2.0,0.0,-1.9963369963369964,0.01831501831501825,0.27,0.686,0.25905978196375895,0.11300968911711692,0.005004771646609474,0.0013482899014188214,-6.152242793170733,5.036431918070857,-5.861937046051025,-8.59972095489502
124,1.93617582321167,-2.0,0.0,-2.0085470085470085,0.006105006105006083,0.27,0.686,0.25905978196375895,0.11300968911711692,0.00880545433119705,0.005991005823277081,-6.152242793170733,5.036431918070857,-5.862720012664795,-8.60258674621582
125,1.9514670372009277,-2.0,0.0,-1.9841269841269842,-0.006105006105006083,0.27,0.686,0.25905978196375895,0.11300968911711692,0.005004771646609474,0.0013482899014188214,-6.152242793170733,5.036431918070857,-5.86528205871582,-8.604985237121582
126,1.966763973236084,-2.0,0.0,-1.9841269841269842,-0.01831501831501825,0.27,0.686,0.25905978196375895,0.11300968911711692,0.005004771646609474,0.0013482899014188214,-6.152242793170733,5.036431918070857,-5.862278461456299,-8.598509788513184
127,1.9823169708251953,-2.0,0.0,-2.0085470085470085,0.006105006105006083,0.27,0.686,0.25905978196375895,0.11300968911711692,0.005004771646609474,0.0013482899014188214,-6.152242793170733,5.036431918070857,-5.8630242347717285,-8.597999572753906
128,1.9979329109191895,-2.0,0.0,-1.9963369963369964,0.006105006105006083,0.27,0.686,0.25905978196375895,0.11300968911711692,0.001356116269405403,-0.003108717383565107,-6.152242793170733,5.036431918070857,-5.8637237548828125,-8.59862232208252
129,2.0130808353424072,-2.0,0.0,-2.0085470085470085,-0.006105006105006083,0.27,0.686,0.25905978196375895,0.11300968911711692,0.005004771646609474,0.0013482899014188214,-6.152242793170733,5.036431918070857,-5.86363410949707,-8.60411548614502
130,2.028975009918213,-2.0,0.0,-2.0085470085470085,-0.006105006105006083,0.27,0.686,0.25905978196375895,0.11300968911711692,0.00880545433119705,0.005991005823277081,-6.152242793170733,5.036431918070857,-5.861169815063477,-8.604178428649902
131,2.044217824935913,-2.0,0.0,-2.0085470085470085,-0.01831501831501825,0.27,0.686,0.25905978196375895,0.11300968911711692,0.005004771646609474,0.0013482899014188214,-6.152242793170733,5.036431918070857,-5.862983226776123,-8.593467712402344
132,2.060497999191284,-2.0,0.0,-2.0085470085470085,0.006105006105006083,0.27,0.686,0.25905978196375895,0.11300968911711692,0.005004771646609474,0.0013482899014188214,-6.152242793170733,5.036431918070857,-5.865289211273193,-8.595998764038086
133,2.076356887817383,-2.0,0.0,-2.0207570207570207,0.030525030525030417,0.27,0.686,0.25905978196375895,0.11300968911711692,0.00880545433119705,0.005991005823277081,-6.152242793170733,5.036431918070857,-5.859515190124512,-8.599909782409668
134,2.091002941131592,-2.0,0.0,-1.9841269841269842,0.006105006105006083,0.27,0.686,0.25905978196375895,0.11300968911711692,0.00880545433119705,0.005991005823277081,-6.152242793170733,5.036431918070857,-5.860070705413818,-8.602316856384277
135,2.1070799827575684,-2.0,0.0,-2.0085470085470085,0.006105006105006083,0.27,0.686,0.25905978196375895,0.11300968911711692,0.005004771646609474,0.0013482899014188214,-6.152242793170733,5.036431918070857,-5.862459659576416,-8.594985008239746
136,2.1231229305267334,-2.0,0.0,-2.0207570207570207,0.01831501831501825,0.27,0.686,0.25905978196375895,0.11300968911711692,0.011630696559124971,-0.00048548872581689276,-6.152242793170733,5.036431918070857,-5.8601179122924805,-8.592836380004883
137,2.1393818855285645,-2.0,0.0,-2.0085470085470085,-0.006105006105006083,0.27,0.686,0.25905978196375895,0.11300968911711692,0.005004771646609474,0.0013482899014188214,-6.152242793170733,5.036431918070857,-5.861093997955322,-8.598657608032227
138,2.1541309356689453,-2.0,0.0,-2.0085470085470085,-0.006105006105006083,0.27,0.686,0.25905978196375895,0.11300968911711692,0.005004771646609474,0.0013482899014188214,-6.152242793170733,5.036431918070857,-5.860577583312988,-8.59645938873291
139,2.170348882675171,-2.0,0.0,-2.0085470085470085,-0.006105006105006083,0.27,0.686,0.25905978196375895,0.11300968911711692,0.011630696559124971,-0.00048548872581689276,-6.152242793170733,5.036431918070857,-5.8614983558654785,-8.598959922790527
140,2.1864569187164307,-2.0,0.0,-1.9963369963369964,0.01831501831501825,0.269,0.686,0.25879470833586166,0.11308290773149396,-0.0013569948927779274,0.00310553650003034,-6.154965031377892,5.038660433403566,-5.856081485748291,-8.591965675354004
141,2.2008919715881348,-2.0,0.0,-1.9963369963369964,0.006105006105006083,0.27,0.686,0.25905978196375895,0.11300968911711692,0.00880545433119705,0.005991005823277081,-6.152242793170733,5.036431918070857,-5.860217094421387,-8.593914985656738
142,2.216392993927002,-2.0,0.0,-2.0085470085470085,-0.01831501831501825,0.27,0.686,0.25905978196375895,0.11300968911711692,0.005004771646609474,0.0013482899014188214,-6.152242793170733,5.036431918070857,-5.861517906188965,-8.598596572875977
143,2.23203182220459,-2.0,0.0,-2.0207570207570207,-0.006105006105006083,0.27,0.686,0.25905978196375895,0.11300968911711692,0.005004771646609474,0.0013482899014188214,-6.152242793170733,5.036431918070857,-5.857501983642578,-8.597590446472168
144,2.247922897338867,-2.0,0.0,-2.0207570207570207,0.006105006105006083,0.27,0.686,0.25905978196375895,0.11300968911711692,0.001356116269405403,-0.003108717383565107,-6.152242793170733,5.036431918070857,-5.8611321449279785,-8.593446731567383
145,2.2632079124450684,-2.0,0.0,-2.0207570207570207,-0.01831501831501825,0.27,0.686,0.25905978196375895,0.11300968911711692,0.00880545433119705,0.005991005823277081,-6.152242793170733,5.036431918070857,-5.859996795654297,-8.592925071716309
146,2.2787740230560303,-2.0,0.0,-2.0085470085470085,0.030525030525030417,0.27,0.686,0.25905978196375895,0.11300968911711692,0.001356116269405403,-0.003108717383565107,-6.152242793170733,5.036431918070857,-5.857363700866699,-8.599265098571777
147,2.2941129207611084,-2.0,0.0,-2.0085470085470085,0.01831501831501825,0.27,0.686,0.25905978196375895,0.11300968911711692,0.011630696559124971,-0.00048548872581689276,-6.152242793170733,5.036431918070857,-5.856416702270508,-8.594877243041992
148,2.3091368675231934,-2.0,0.0,-1.9963369963369964,0.006105006105006083,0.27,0.686,0.25905978196375895,0.11300968911711692,0.005004771646609474,0.0013482899014188214,-6.152242793170733,5.036431918070857,-5.861317157745361,-8.589479446411133
149,2.325434923171997,-2.0,0.0,-2.0085470085470085,0.01831501831501825,0.27,0.686,0.25905978196375895,0.11300968911711692,0.005004771646609474,0.0013482899014188214,-6.152242793170733,5.036431918070857,-5.860530376434326,-8.593489646911621
150,2.3405840396881104,-2.0,0.0,-1.9841269841269842,0.006105006105006083,0.27,0.686,0.25905978196375895,0.11300968911711692,0.005004771646609474,0.0013482899014188214,-6.152242793170733,5.036431918070857,-5.856695175170898,-8.595746994018555
151,2.3561699390411377,-2.0,0.0,-1.9963369963369964,0.01831501831501825,0.27,0.686,0.25905978196375895,0.11300968911711692,0.005004771646609474,0.0013482899014188214,-6.152242793170733,5.036431918070857,-5.858390808105469,-8.596282958984375
152,2.3715999126434326,-2.0,0.0,-1.9841269841269842,0.006105006105006083,0.27,0.686,0.25905978196375895,0.11300968911711692,-0.001356116269405403,0.003108717383565107,-6.152242793170733,5.036431918070857,-5.857905387878418,-8.590594291687012
153,2.387091875076294,-2.0,0.0,-1.9963369963369964,0.006105006105006083,0.27,0.686,0.25905978196375895,0.11300968911711692,-0.005004771646609474,-0.0013482899014188214,-6.152242793170733,5.036431918070857,-5.861067771911621,-8.589058876037598
154,2.4031739234924316,-2.0,0.0,-1.9963369963369964,0.01831501831501825,0.27,0.686,0.25905978196375895,0.11300968911711692,0.005004771646609474,0.0013482899014188214,-6.152242793170733,5.036431918070857,-5.857237815856934,-8.59199047088623
155,2.418181896209717,-2.0,0.0,-2.0085470085470085,-0.006105006105006083,0.27,0.686,0.25905978196375895,0.11300968911711692,0.005004771646609474,0.0013482899014188214,-6.152242793170733,5.036431918070857,-5.854681015014648,-8.598237037658691
156,2.4332618713378906,-2.0,0.0,-2.0085470085470085,0.006105006105006083,0.27,0.686,0.25905978196375895,0.11300968911711692,0.005004771646609474,0.0013482899014188214,-6.152242793170733,5.036431918070857,-5.8599443435668945,-8.594276428222656
157,2.4495179653167725,-2.0,0.0,-2.0085470085470085,0.006105006105006083,0.27,0.686,0.25905978196375895,0.11300968911711692,0.005004771646609474,0.0013482899014188214,-6.152242793170733,5.036431918070857,-5.858615875244141,-8.583796501159668
158,2.465153932571411,-2.0,0.0,-2.0085470085470085,-0.006105006105006083,0.27,0.686,0.25905978196375895,0.11300968911711692,0.005004771646609474,0.0013482899014188214,-6.152242793170733,5.036431918070857,-5.857705116271973,-8.594147682189941
159,2.4803810119628906,-2.0,0.0,-1.9963369963369964,0.01831501831501825,0.27,0.686,0.25905978196375895,0.11300968911711692,0.00880545433119705,0.005991005823277081,-6.152242793170733,5.036431918070857,-5.857837677001953,-8.59664249420166
160,2.4957239627838135,-2.0,0.0,-2.0207570207570207,0.006105006105006083,0.27,0.686,0.25905978196375895,0.11300968911711692,0.00880545433119705,0.005991005823277081,-6.152242793170733,5.036431918070857,-5.856489181518555,-8.590364456176758
161,2.5117058753967285,-2.0,0.0,-2.0085470085470085,0.006105006105006083,0.27,0.686,0.25905978196375895,0.11300968911711692,0.005004771646609474,0.0013482899014188214,-6.152242793170733,5.036431918070857,-5.855361461639404,-8.588724136352539
162,2.526667833328247,-2.0,0.0,-2.0085470085470085,0.01831501831501825,0.27,0.686,0.25905978196375895,0.11300968911711692,0.011630696559124971,-0.00048548872581689276,-6.152242793170733,5.036431918070857,-5.856263160705566,-8.591387748718262
163,2.542717695236206,-2.0,0.0,-1.9963369963369964,0.01831501831501825,0.27,0.686,0.25905978196375895,0.11300968911711692,0.00880545433119705,0.005991005823277081,-6.152242793170733,5.036431918070857,-5.857899188995361,-8.59405517578125
164,2.557872772216797,-2.0,0.0,-2.0085470085470085,0.01831501831501825,0.27,0.686,0.25905978196375895,0.11300968911711692,0.015431379243712545,0.004157227196041367,-6.152242793170733,5.036431918070857,-5.857028961181641,-8.590296745300293
165,2.5737297534942627,-2.0,0.0,-2.0085470085470085,0.006105006105006083,0.27,0.686,0.25905978196375895,0.11300968911711692,0.0079820411819209,-0.004942496010800821,-6.152242793170733,5.036431918070857,-5.855551242828369,-8.58690071105957
166,2.5885977745056152,-2.0,0.0,-2.0085470085470085,0.01831501831501825,0.27,0.686,0.25905978196375895,0.11300968911711692,0.015431379243712545,0.004157227196041367,-6.152242793170733,5.036431918070857,-5.856842994689941,-8.585549354553223
167,2.6047067642211914,-2.0,0.0,-2.0207570207570207,-0.006105006105006083,0.27,0.686,0.25905978196375895,0.11300968911711692,0.005004771646609474,0.0013482899014188214,-6.152242793170733,5.036431918070857,-5.854154109954834,-8.588056564331055
168,2.619471788406372,-2.0,0.0,-2.0085470085470085,0.006105006105006083,0.27,0.686,0.25905978196375895,0.11300968911711692,-0.001356116269405403,0.003108717383565107,-6.152242793170733,5.036431918070857,-5.855988502502441,-8.596447944641113
169,2.6352217197418213,-2.0,0.0,-2.0085470085470085,-0.01831501831501825,0.27,0.686,0.25905978196375895,0.11300968911711692,0.001356116269405403,-0.003108717383565107,-6.152242793170733,5.036431918070857,-5.855264186859131,-8.589454650878906
170,2.6515448093414307,-2.0,0.0,-2.0085470085470085,-0.01831501831501825,0.27,0.686,0.25905978196375895,0.11300968911711692,0.001356116269405403,-0.003108717383565107,-6.152242793170733,5.036431918070857,-5.857926368713379,-8.58606243133545
171,2.6673288345336914,-2.0,0.0,-2.0085470085470085,0.006105006105006083,0.27,0.686,0.25905978196375895,0.11300968911711692,0.005004771646609474,0.0013482899014188214,-6.152242793170733,5.036431918070857,-5.853938102722168,-8.587106704711914
172,2.6828536987304688,-2.0,0.0,-1.9963369963369964,-0.01831501831501825,0.27,0.686,0.25905978196375895,0.11300968911711692,0.005004771646609474,0.0013482899014188214,-6.152242793170733,5.036431918070857,-5.854515075683594,-8.590860366821289
173,2.6986618041992188,-2.0,0.0,-1.971916971916972,0.01831501831501825,0.27,0.686,0.25905978196375895,0.11300968911711692,-0.001356116269405403,0.003108717383565107,-6.152242793170733,5.036431918070857,-5.8547749519348145,-8.586920738220215
174,2.713559865951538,-2.0,0.0,-1.9963369963369964,0.006105006105006083,0.27,0.686,0.25905978196375895,0.11300968911711692,0.005004771646609474,0.0013482899014188214,-6.152242793170733,5.036431918070857,-5.850937843322754,-8.583016395568848
175,2.729198694229126,-2.0,0.0,-1.9963369963369964,0.006105006105006083,0.27,0.686,0.25905978196375895,0.11300968911711692,0.005004771646609474,0.0013482899014188214,-6.152242793170733,5.036431918070857,-5.8561296463012695,-8.590237617492676
176,2.7449867725372314,-2.0,0.0,-1.9963369963369964,-0.01831501831501825,0.27,0.686,0.25905978196375895,0.11300968911711692,0.005004771646609474,0.0013482899014188214,-6.152242793170733,5.036431918070857,-5.856726169586182,-8.589703559875488
177,2.7597007751464844,-2.0,0.0,-1.9963369963369964,0.006105006105006083,0.27,0.686,0.25905978196375895,0.11300968911711692,0.005004771646609474,0.0013482899014188214,-6.152242793170733,5.036431918070857,-5.851722717285156,-8.583775520324707
178,2.775883913040161,-2.0,0.0,-2.0085470085470085,0.01831501831501825,0.27,0.686,0.25905978196375895,0.11300968911711692,0.0079820411819209,-0.004942496010800821,-6.152242793170733,5.036431918070857,-5.852663993835449,-8.587970733642578
179,2.7908127307891846,-2.0,0.0,-2.0085470085470085,-0.006105006105006083,0.27,0.686,0.25905978196375895,0.11300968911711692,0.005004771646609474,0.0013482899014188214,-6.152242793170733,5.036431918070857,-5.852348327636719,-8.581948280334473
180,2.8065357208251953,-2.0,0.0,-2.0085470085470085,0.01831501831501825,0.27,0.686,0.25905978196375895,0.11300968911711692,0.005004771646609474,0.0013482899014188214,-6.152242793170733,5.036431918070857,-5.854711055755615,-8.582533836364746
181,2.821530818939209,-2.0,0.0,-2.0085470085470085,-0.006105006105006083,0.27,0.686,0.25905978196375895,0.11300968911711692,0.011630696559124971,-0.00048548872581689276,-6.152242793170733,5.036431918070857,-5.853944778442383,-8.58934497833252
182,2.8376498222351074,-2.0,0.0,-2.0085470085470085,-0.006105006105006083,0.27,0.686,0.25905978196375895,0.11300968911711692,0.005004771646609474,0.0013482899014188214,-6.152242793170733,5.036431918070857,-5.850122451782227,-8.583327293395996
183,2.8537137508392334,-2.0,0.0,-2.0207570207570207,0.006105006105006083,0.27,0.686,0.25905978196375895,0.11300968911711692,0.011630696559124971,-0.00048548872581689276,-6.152242793170733,5.036431918070857,-5.8534064292907715,-8.581890106201172
184,2.8696858882904053,-2.0,0.0,-1.9963369963369964,-0.006105006105006083,0.27,0.686,0.25905978196375895,0.11300968911711692,0.005004771646609474,0.0013482899014188214,-6.152242793170733,5.036431918070857,-5.852692127227783,-8.585138320922852
185,2.885140895843506,-2.0,0.0,-2.0207570207570207,0.006105006105006083,0.27,0.686,0.25905978196375895,0.11300968911711692,0.00880545433119705,0.005991005823277081,-6.152242793170733,5.036431918070857,-5.851867198944092,-8.586508750915527
186,2.900294780731201,-2.0,0.0,-1.9963369963369964,-0.006105006105006083,0.27,0.686,0.25905978196375895,0.11300968911711692,0.001356116269405403,-0.003108717383565107,-6.152242793170733,5.036431918070857,-5.8527960777282715,-8.585787773132324
187,2.9158918857574463,-2.0,0.0,-1.9841269841269842,0.006105006105006083,0.27,0.686,0.25905978196375895,0.11300968911711692,0.001356116269405403,-0.003108717383565107,-6.152242793170733,5.036431918070857,-5.853272438049316,-8.579468727111816
188,2.931030750274658,-2.0,0.0,-2.032967032967033,0.006105006105006083,0.27,0.686,0.25905978196375895,0.11300968911711692,0.005004771646609474,0.0013482899014188214,-6.152242793170733,5.036431918070857,-5.854605674743652,-8.58445930480957
189,2.9470767974853516,-2.0,0.0,-2.0085470085470085,-0.006105006105006083,0.27,0.686,0.25905978196375895,0.11300968911711692,0.011630696559124971,-0.00048548872581689276,-6.152242793170733,5.036431918070857,-5.850271701812744,-8.586155891418457
190,2.9623117446899414,-2.0,0.0,-1.9963369963369964,0.006105006105006083,0.27,0.686,0.25905978196375895,0.11300968911711692,0.005004771646609474,0.0013482899014188214,-6.152242793170733,5.036431918070857,-5.85099458694458,-8.583380699157715
191,2.978179693222046,-2.0,0.0,-1.9963369963369964,-0.006105006105006083,0.27,0.686,0.25905978196375895,0.11300968911711692,0.001356116269405403,-0.003108717383565107,-6.152242793170733,5.036431918070857,-5.855528354644775,-8.582738876342773
192,2.993311882019043,-2.0,0.0,-2.0207570207570207,-0.006105006105006083,0.27,0.686,0.25905978196375895,0.11300968911711692,0.001356116269405403,-0.003108717383565107,-6.152242793170733,5.036431918070857,-5.851294040679932,-8.583910942077637
193,3.009406805038452,-2.0,0.0,-1.9963369963369964,-0.006105006105006083,0.27,0.686,0.25905978196375895,0.11300968911711692,0.001356116269405403,-0.003108717383565107,-6.152242793170733,5.036431918070857,-5.850783348083496,-8.585771560668945
194,3.024667739868164,-2.0,0.0,-2.0207570207570207,0.006105006105006083,0.27,0.686,0.25905978196375895,0.11300968911711692,0.005004771646609474,0.0013482899014188214,-6.152242793170733,5.036431918070857,-5.852321147918701,-8.582282066345215
195,3.0401318073272705,-2.0,0.0,-1.9963369963369964,-0.006105006105006083,0.27,0.686,0.25905978196375895,0.11300968911711692,0.011630696559124971,-0.00048548872581689276,-6.152242793170733,5.036431918070857,-5.850986957550049,-8.58077621459961
196,3.0557076930999756,-2.0,0.0,-2.0085470085470085,-0.006105006105006083,0.27,0.686,0.25905978196375895,0.11300968911711692,-0.001356116269405403,0.003108717383565107,-6.152242793170733,5.036431918070857,-5.852959156036377,-8.583438873291016
197,3.071650743484497,-2.0,0.0,-2.0085470085470085,-0.006105006105006083,0.27,0.686,0.25905978196375895,0.11300968911711692,0.005004771646609474,0.0013482899014188214,-6.152242793170733,5.036431918070857,-5.849117279052734,-8.584416389465332
198,3.0865938663482666,-2.0,0.0,-2.032967032967033,0.006105006105006083,0.27,0.686,0.25905978196375895,0.11300968911711692,0.00880545433119705,0.005991005823277081,-6.152242793170733,5.036431918070857,-5.849333763122559,-8.581633567810059
199,3.1019248962402344,-2.0,0.0,-1.9963369963369964,0.01831501831501825,0.27,0.686,0.25905978196375895,0.11300968911711692,0.00880545433119705,0.005991005823277081,-6.152242793170733,5.036431918070857,-5.851378440856934,-8.577885627746582
200,3.1169726848602295,-2.0,0.0,-2.0085470085470085,-0.006105006105006083,0.27,0.686,0.25905978196375895,0.11300968911711692,-0.001356116269405403,0.003108717383565107,-6.152242793170733,5.036431918070857,-5.851356029510498,-8.57863712310791
201,3.132957696914673,-2.0,0.0,-2.0085470085470085,-0.006105006105006083,0.27,0.686,0.25905978196375895,0.11300968911711692,0.00880545433119705,0.005991005823277081,-6.152242793170733,5.036431918070857,-5.850433349609375,-8.5859375
202,3.14865779876709,-2.0,0.0,-1.9841269841269842,-0.006105006105006083,0.27,0.686,0.25905978196375895,0.11300968911711692,0.00880545433119705,0.005991005823277081,-6.152242793170733,5.036431918070857,-5.847584247589111,-8.582320213317871
203,3.164430856704712,-2.0,0.0,-1.9963369963369964,-0.030525030525030417,0.27,0.686,0.25905978196375895,0.11300968911711692,0.001356116269405403,-0.003108717383565107,-6.152242793170733,5.036431918070857,-5.85141658782959,-8.58004379272461
204,3.179389715194702,-2.0,0.0,-2.0085470085470085,0.006105006105006083,0.27,0.686,0.25905978196375895,0.11300968911711692,0.011630696559124971,-0.00048548872581689276,-6.152242793170733,5.036431918070857,-5.851481914520264,-8.57776927947998
205,3.1952157020568848,-2.0,0.0,-2.0085470085470085,0.006105006105006083,0.27,0.686,0.25905978196375895,0.11300968911711692,0.005004771646609474,0.0013482899014188214,-6.152242793170733,5.036431918070857,-5.849873065948486,-8.582059860229492
206,3.2100636959075928,-2.0,0.0,-2.0085470085470085,-0.006105006105006083,0.27,0.686,0.25905978196375895,0.11300968911711692,0.005004771646609474,0.0013482899014188214,-6.152242793170733,5.036431918070857,-5.8505425453186035,-8.58631420135498
207,3.225620746612549,-2.0,0.0,-2.0085470085470085,-0.006105006105006083,0.27,0.686,0.25905978196375895,0.11300968911711692,0.002444566415182171,0.007751433305423366,-6.152242793170733,5.036431918070857,-5.8471903800964355,-8.578289985656738
208,3.2410788536071777,-2.0,0.0,-1.9963369963369964,0.006105006105006083,0.27,0.686,0.25905978196375895,0.11300968911711692,-0.005004771646609474,-0.0013482899014188214,-6.152242793170733,5.036431918070857,-5.852438926696777,-8.579716682434082
209,3.256500720977783,-2.0,0.0,-1.9963369963369964,0.01831501831501825,0.27,0.686,0.25905978196375895,0.11300968911711692,0.001356116269405403,-0.003108717383565107,-6.152242793170733,5.036431918070857,-5.852093696594238,-8.582615852355957
210,3.273023843765259,-2.0,0.0,-2.0207570207570207,0.006105006105006083,0.27,0.686,0.25905978196375895,0.11300968911711692,0.002444566415182171,0.007751433305423366,-6.152242793170733,5.036431918070857,-5.850567817687988,-8.581625938415527
211,3.288757801055908,-2.0,0.0,-2.0085470085470085,-0.030525030525030417,0.27,0.686,0.25905978196375895,0.11300968911711692,0.005004771646609474,0.0013482899014188214,-6.152242793170733,5.036431918070857,-5.851278781890869,-8.581439018249512
212,3.3039357662200928,-2.0,0.0,-2.0085470085470085,-0.006105006105006083,0.27,0.686,0.25905978196375895,0.11300968911711692,-0.005004771646609474,-0.0013482899014188214,-6.152242793170733,5.036431918070857,-5.848606109619141,-8.577515602111816
213,3.3187386989593506,-2.0,0.0,-1.9963369963369964,-0.01831501831501825,0.27,0.686,0.25905978196375895,0.11300968911711692,0.001356116269405403,-0.003108717383565107,-6.152242793170733,5.036431918070857,-5.846829414367676,-8.577585220336914
214,3.334603786468506,-2.0,0.0,-1.9963369963369964,0.006105006105006083,0.27,0.686,0.25905978196375895,0.11300968911711692,0.005004771646609474,0.0013482899014188214,-6.152242793170733,5.036431918070857,-5.847801208496094,-8.582549095153809
215,3.3496358394622803,-2.0,0.0,-2.0085470085470085,-0.006105006105006083,0.27,0.686,0.25905978196375895,0.11300968911711692,0.005004771646609474,0.0013482899014188214,-6.152242793170733,5.036431918070857,-5.849252700805664,-8.583022117614746
216,3.365468740463257,-2.0,0.0,-1.9963369963369964,-0.01831501831501825,0.27,0.686,0.25905978196375895,0.11300968911711692,0.005004771646609474,0.0013482899014188214,-6.152242793170733,5.036431918070857,-5.849001884460449,-8.578150749206543
217,3.3808016777038574,-2.0,0.0,-1.9963369963369964,-0.006105006105006083,0.27,0.686,0.25905978196375895,0.11300968911711692,0.005004771646609474,0.0013482899014188214,-6.152242793170733,5.036431918070857,-5.846939563751221,-8.578143119812012
218,3.3959927558898926,-2.0,0.0,-2.0085470085470085,0.006105006105006083,0.27,0.686,0.25905978196375895,0.11300968911711692,0.005004771646609474,0.0013482899014188214,-6.152242793170733,5.036431918070857,-5.847229957580566,-8.580081939697266
219,3.4112207889556885,-2.0,0.0,-2.0085470085470085,0.006105006105006083,0.27,0.686,0.25905978196375895,0.11300968911711692,0.0079820411819209,-0.004942496010800821,-6.152242793170733,5.036431918070857,-5.846506118774414,-8.57934856414795
220,3.4267337322235107,-2.0,0.0,-1.9963369963369964,0.006105006105006083,0.27,0.686,0.25905978196375895,0.11300968911711692,0.00880545433119705,0.005991005823277081,-6.152242793170733,5.036431918070857,-5.850749969482422,-8.578787803649902
221,3.4422638416290283,-2.0,0.0,-1.9963369963369964,-0.006105006105006083,0.27,0.686,0.25905978196375895,0.11300968911711692,0.002444566415182171,0.007751433305423366,-6.152242793170733,5.036431918070857,-5.848478317260742,-8.577899932861328
222,3.4577128887176514,-2.0,0.0,-1.9841269841269842,-0.006105006105006083,0.27,0.686,0.25905978196375895,0.11300968911711692,0.011630696559124971,-0.00048548872581689276,-6.152242793170733,5.036431918070857,-5.8439178466796875,-8.575871467590332
223,3.4728658199310303,-2.0,0.0,-2.0085470085470085,0.006105006105006083,0.27,0.686,0.25905978196375895,0.11300968911711692,0.005004771646609474,0.0013482899014188214,-6.152242793170733,5.036431918070857,-5.848001956939697,-8.578609466552734
224,3.4882256984710693,-2.0,0.0,-1.9963369963369964,0.006105006105006083,0.27,0.686,0.25905978196375895,0.11300968911711692,0.005004771646609474,0.0013482899014188214,-6.152242793170733,5.036431918070857,-5.85124397277832,-8.575408935546875
225,3.5037167072296143,-2.0,0.0,-1.9963369963369964,0.006105006105006083,0.27,0.686,0.25905978196375895,0.11300968911711692,-0.001356116269405403,0.003108717383565107,-6.152242793170733,5.036431918070857,-5.844751834869385,-8.571989059448242
226,3.518948793411255,-2.0,0.0,-2.0085470085470085,-0.006105006105006083,0.27,0.686,0.25905978196375895,0.11300968911711692,0.011630696559124971,-0.00048548872581689276,-6.152242793170733,5.036431918070857,-5.844629287719727,-8.5806303024292
227,3.5491907596588135,-2.0,0.0,-2.0085470085470085,0.006105006105006083,0.27,0.686,0.25905978196375895,0.11300968911711692,0.005004771646609474,0.0013482899014188214,-6.152242793170733,5.036431918070857,-5.848290920257568,-8.579394340515137
228,3.5647928714752197,-2.0,0.0,-1.9963369963369964,0.006105006105006083,0.27,0.686,0.25905978196375895,0.11300968911711692,0.015431379243712545,0.004157227196041367,-6.152242793170733,5.036431918070857,-5.846787452697754,-8.575438499450684
229,3.5806586742401123,-2.0,0.0,-2.0085470085470085,-0.006105006105006083,0.27,0.686,0.25905978196375895,0.11300968911711692,0.005004771646609474,0.0013482899014188214,-6.152242793170733,5.036431918070857,-5.844909191131592,-8.572530746459961
230,3.596773862838745,-2.0,0.0,-1.9963369963369964,0.006105006105006083,0.27,0.686,0.25905978196375895,0.11300968911711692,-0.001356116269405403,0.003108717383565107,-6.152242793170733,5.036431918070857,-5.845980644226074,-8.575920104980469
231,3.612517833709717,-2.0,0.0,-2.0085470085470085,-0.01831501831501825,0.27,0.686,0.25905978196375895,0.11300968911711692,0.001356116269405403,-0.003108717383565107,-6.152242793170733,5.036431918070857,-5.8484578132629395,-8.580694198608398
232,3.6279819011688232,-2.0,0.0,-1.9963369963369964,-0.006105006105006083,0.27,0.686,0.25905978196375895,0.11300968911711692,0.00880545433119705,0.005991005823277081,-6.152242793170733,5.036431918070857,-5.847105026245117,-8.582162857055664
233,3.6431188583374023,-2.0,0.0,-2.0085470085470085,-0.01831501831501825,0.27,0.686,0.25905978196375895,0.11300968911711692,0.011630696559124971,-0.00048548872581689276,-6.152242793170733,5.036431918070857,-5.846241474151611,-8.57699966430664
234,3.6587448120117188,-2.0,0.0,-2.0085470085470085,0.006105006105006083,0.27,0.686,0.25905978196375895,0.11300968911711692,0.00880545433119705,0.005991005823277081,-6.152242793170733,5.036431918070857,-5.847492218017578,-8.571995735168457
235,3.674919843673706,-2.0,0.0,-2.0207570207570207,-0.01831501831501825,0.27,0.686,0.25905978196375895,0.11300968911711692,-0.001356116269405403,0.003108717383565107,-6.152242793170733,5.036431918070857,-5.847265720367432,-8.576545715332031
236,3.6905808448791504,-2.0,0.0,-2.0085470085470085,-0.030525030525030417,0.27,0.686,0.25905978196375895,0.11300968911711692,0.001356116269405403,-0.003108717383565107,-6.152242793170733,5.036431918070857,-5.845163822174072,-8.575180053710938
237,3.705655813217163,-2.0,0.0,-2.0207570207570207,-0.006105006105006083,0.27,0.686,0.25905978196375895,0.11300968911711692,0.001356116269405403,-0.003108717383565107,-6.152242793170733,5.036431918070857,-5.8489861488342285,-8.57844066619873
238,3.721008777618408,-2.0,0.0,-1.9841269841269842,-0.006105006105006083,0.27,0.686,0.25905978196375895,0.11300968911711692,0.005004771646609474,0.0013482899014188214,-6.152242793170733,5.036431918070857,-5.8438215255737305,-8.568777084350586
239,3.73709774017334,-2.0,0.0,-1.9963369963369964,-0.030525030525030417,0.27,0.686,0.25905978196375895,0.11300968911711692,0.005004771646609474,0.0013482899014188214,-6.152242793170733,5.036431918070857,-5.84764289855957,-8.577683448791504
240,3.7524337768554688,-2.0,0.0,-1.9963369963369964,0.006105006105006083,0.27,0.686,0.25905978196375895,0.11300968911711692,0.001356116269405403,-0.003108717383565107,-6.152242793170733,5.036431918070857,-5.8458733558654785,-8.579024314880371
241,3.7682228088378906,-2.0,0.0,-1.9963369963369964,-0.030525030525030417,0.27,0.686,0.25905978196375895,0.11300968911711692,0.001356116269405403,-0.003108717383565107,-6.152242793170733,5.036431918070857,-5.843749046325684,-8.576860427856445
242,3.7836737632751465,-2.0,0.0,-1.9963369963369964,-0.006105006105006083,0.27,0.686,0.25905978196375895,0.11300968911711692,0.001356116269405403,-0.003108717383565107,-6.152242793170733,5.036431918070857,-5.845605373382568,-8.574868202209473
243,3.7992148399353027,-2.0,0.0,-1.9963369963369964,0.006105006105006083,0.27,0.686,0.25905978196375895,0.11300968911711692,0.001356116269405403,-0.003108717383565107,-6.152242793170733,5.036431918070857,-5.84567928314209,-8.571842193603516
244,3.8154237270355225,-2.0,0.0,-1.9963369963369964,-0.01831501831501825,0.27,0.686,0.25905978196375895,0.11300968911711692,0.005004771646609474,0.0013482899014188214,-6.152242793170733,5.036431918070857,-5.845677375793457,-8.573148727416992
245,3.8318397998809814,-2.0,0.0,-2.0085470085470085,0.006105006105006083,0.27,0.686,0.25905978196375895,0.11300968911711692,0.005004771646609474,0.0013482899014188214,-6.152242793170733,5.036431918070857,-5.843832969665527,-8.574326515197754
246,3.8474018573760986,-2.0,0.0,-2.0085470085470085,0.006105006105006083,0.27,0.686,0.25905978196375895,0.11300968911711692,0.005004771646609474,0.0013482899014188214,-6.152242793170733,5.036431918070857,-5.845339298248291,-8.576109886169434
247,3.863064765930176,-2.0,0.0,-2.0085470085470085,-0.01831501831501825,0.27,0.686,0.25905978196375895,0.11300968911711692,0.005004771646609474,0.0013482899014188214,-6.152242793170733,5.036431918070857,-5.845925331115723,-8.570488929748535
248,3.878100872039795,-2.0,0.0,-1.9841269841269842,-0.01831501831501825,0.27,0.686,0.25905978196375895,0.11300968911711692,0.005004771646609474,0.0013482899014188214,-6.152242793170733,5.036431918070857,-5.845843315124512,-8.574809074401855
249,3.8932158946990967,-2.0,0.0,-1.9963369963369964,-0.01831501831501825,0.27,0.686,0.25905978196375895,0.11300968911711692,0.005004771646609474,0.0013482899014188214,-6.152242793170733,5.036431918070857,-5.846100330352783,-8.578531265258789
250,3.9084537029266357,-2.0,0.0,-2.0085470085470085,0.006105006105006083,0.27,0.686,0.25905978196375895,0.11300968911711692,0.005004771646609474,0.0013482899014188214,-6.152242793170733,5.036431918070857,-5.8416008949279785,-8.569869041442871
251,3.923447847366333,-2.0,0.0,-2.0085470085470085,0.006105006105006083,0.27,0.686,0.25905978196375895,0.11300968911711692,0.005004771646609474,0.0013482899014188214,-6.152242793170733,5.036431918070857,-5.847445964813232,-8.573285102844238
252,3.9385247230529785,-2.0,0.0,-2.0085470085470085,-0.006105006105006083,0.27,0.686,0.25905978196375895,0.11300968911711692,0.001356116269405403,-0.003108717383565107,-6.152242793170733,5.036431918070857,-5.848769664764404,-8.574835777282715
253,3.9540019035339355,-2.0,0.0,-2.0085470085470085,-0.01831501831501825,0.27,0.686,0.25905978196375895,0.11300968911711692,0.001356116269405403,-0.003108717383565107,-6.152242793170733,5.036431918070857,-5.844601631164551,-8.574067115783691
254,3.9695188999176025,-2.0,0.0,-2.0085470085470085,0.01831501831501825,0.27,0.686,0.25905978196375895,0.11300968911711692,0.00880545433119705,0.005991005823277081,-6.152242793170733,5.036431918070857,-5.840662479400635,-8.570972442626953
255,3.9851107597351074,-2.0,0.0,-2.0085470085470085,0.006105006105006083,0.27,0.686,0.25905978196375895,0.11300968911711692,0.00880545433119705,0.005991005823277081,-6.152242793170733,5.036431918070857,-5.844222068786621,-8.56884479522705
256,4.0005717277526855,-2.0,0.0,-1.9963369963369964,0.006105006105006083,0.27,0.686,0.25905978196375895,0.11300968911711692,0.005004771646609474,0.0013482899014188214,-6.152242793170733,5.036431918070857,-5.8455810546875,-8.570279121398926
257,4.016369819641113,-2.0,0.0,-1.9963369963369964,-0.006105006105006083,0.27,0.686,0.25905978196375895,0.11300968911711692,0.001356116269405403,-0.003108717383565107,-6.152242793170733,5.036431918070857,-5.842892169952393,-8.572661399841309
258,4.031933784484863,-2.0,0.0,-2.0085470085470085,-0.006105006105006083,0.27,0.686,0.25905978196375895,0.11300968911711692,0.005004771646609474,0.0013482899014188214,-6.152242793170733,5.036431918070857,-5.8441667556762695,-8.576775550842285
259,4.047433853149414,-2.0,0.0,-2.0085470085470085,-0.01831501831501825,0.27,0.686,0.25905978196375895,0.11300968911711692,0.011630696559124971,-0.00048548872581689276,-6.152242793170733,5.036431918070857,-5.845427513122559,-8.568204879760742
260,4.06371283531189,-2.0,0.0,-1.9963369963369964,-0.01831501831501825,0.27,0.686,0.25905978196375895,0.11300968911711692,0.001356116269405403,-0.003108717383565107,-6.152242793170733,5.036431918070857,-5.84363317489624,-8.569911003112793
261,4.078790903091431,-2.0,0.0,-1.9963369963369964,0.006105006105006083,0.27,0.686,0.25905978196375895,0.11300968911711692,-0.001356116269405403,0.003108717383565107,-6.152242793170733,5.036431918070857,-5.839878559112549,-8.573070526123047
262,4.09398078918457,-2.0,0.0,-1.9963369963369964,-0.006105006105006083,0.27,0.686,0.25905978196375895,0.11300968911711692,0.005004771646609474,0.0013482899014188214,-6.152242793170733,5.036431918070857,-5.84352970123291,-8.575942039489746
263,4.109676837921143,-2.0,0.0,-2.0085470085470085,-0.01831501831501825,0.27,0.686,0.25905978196375895,0.11300968911711692,0.00880545433119705,0.005991005823277081,-6.152242793170733,5.036431918070857,-5.84275484085083,-8.567825317382812
264,4.125015735626221,-2.0,0.0,-1.9963369963369964,-0.04273504273504258,0.27,0.686,0.25905978196375895,0.11300968911711692,0.001356116269405403,-0.003108717383565107,-6.152242793170733,5.036431918070857,-5.844573020935059,-8.56891918182373
265,4.1410698890686035,-2.0,0.0,-2.0085470085470085,-0.01831501831501825,0.27,0.686,0.25905978196375895,0.11300968911711692,0.005004771646609474,0.0013482899014188214,-6.152242793170733,5.036431918070857,-5.843536853790283,-8.571076393127441
266,4.156653881072998,-2.0,0.0,-2.0085470085470085,0.006105006105006083,0.27,0.686,0.25905978196375895,0.11300968911711692,-0.001356116269405403,0.003108717383565107,-6.152242793170733,5.036431918070857,-5.839768886566162,-8.568519592285156
267,4.172510862350464,-2.0,0.0,-1.9963369963369964,0.006105006105006083,0.27,0.686,0.25905978196375895,0.11300968911711692,0.001356116269405403,-0.003108717383565107,-6.152242793170733,5.036431918070857,-5.841497421264648,-8.568714141845703
268,4.188311815261841,-2.0,0.0,-2.0085470085470085,0.01831501831501825,0.27,0.686,0.25905978196375895,0.11300968911711692,0.001356116269405403,-0.003108717383565107,-6.152242793170733,5.036431918070857,-5.84393310546875,-8.568231582641602
269,4.204453706741333,-2.0,0.0,-2.0085470085470085,-0.01831501831501825,0.27,0.686,0.25905978196375895,0.11300968911711692,0.001356116269405403,-0.003108717383565107,-6.152242793170733,5.036431918070857,-5.840258598327637,-8.56950855255127
270,4.2198357582092285,-2.0,0.0,-2.0207570207570207,0.006105006105006083,0.27,0.686,0.25905978196375895,0.11300968911711692,0.005004771646609474,0.0013482899014188214,-6.152242793170733,5.036431918070857,-5.840749263763428,-8.571593284606934
271,4.235616683959961,-2.0,0.0,-2.0085470085470085,0.030525030525030417,0.27,0.686,0.25905978196375895,0.11300968911711692,0.005004771646609474,0.0013482899014188214,-6.152242793170733,5.036431918070857,-5.844573020935059,-8.570731163024902
272,4.2507476806640625,-2.0,0.0,-2.0085470085470085,0.01831501831501825,0.27,0.686,0.25905978196375895,0.11300968911711692,0.011630696559124971,-0.00048548872581689276,-6.152242793170733,5.036431918070857,-5.842161178588867,-8.565044403076172
273,4.265838623046875,-2.0,0.0,-2.0085470085470085,0.030525030525030417,0.27,0.686,0.25905978196375895,0.11300968911711692,0.015431379243712545,0.004157227196041367,-6.152242793170733,5.036431918070857,-5.839970111846924,-8.567590713500977
274,4.280945777893066,-2.0,0.0,-2.0085470085470085,0.01831501831501825,0.27,0.686,0.25905978196375895,0.11300968911711692,0.011630696559124971,-0.00048548872581689276,-6.152242793170733,5.036431918070857,-5.8422136306762695,-8.574344635009766
275,4.2961437702178955,-2.0,0.0,-1.9963369963369964,-0.006105006105006083,0.27,0.686,0.25905978196375895,0.11300968911711692,0.005004771646609474,0.0013482899014188214,-6.152242793170733,5.036431918070857,-5.84285831451416,-8.571139335632324
276,4.311953783035278,-2.0,0.0,-2.0085470085470085,0.006105006105006083,0.27,0.686,0.25905978196375895,0.11300968911711692,0.005004771646609474,0.0013482899014188214,-6.152242793170733,5.036431918070857,-5.841709613800049,-8.567181587219238
277,4.327082633972168,-2.0,0.0,-2.0085470085470085,-0.006105006105006083,0.27,0.686,0.25905978196375895,0.11300968911711692,0.005004771646609474,0.0013482899014188214,-6.152242793170733,5.036431918070857,-5.8386335372924805,-8.56904125213623
278,4.342453718185425,-2.0,0.0,-2.0085470085470085,0.006105006105006083,0.27,0.686,0.25905978196375895,0.11300968911711692,0.005004771646609474,0.0013482899014188214,-6.152242793170733,5.036431918070857,-5.839748382568359,-8.567686080932617
279,4.358675718307495,-2.0,0.0,-1.9963369963369964,0.006105006105006083,0.27,0.686,0.25905978196375895,0.11300968911711692,0.00880545433119705,0.005991005823277081,-6.152242793170733,5.036431918070857,-5.8454270362854,-8.567625045776367
280,4.374063730239868,-2.0,0.0,-1.9963369963369964,0.006105006105006083,0.27,0.686,0.25905978196375895,0.11300968911711692,0.00880545433119705,0.005991005823277081,-6.152242793170733,5.036431918070857,-5.843163013458252,-8.567301750183105
281,4.390114784240723,-2.0,0.0,-2.0085470085470085,-0.006105006105006083,0.27,0.686,0.25905978196375895,0.11300968911711692,-0.001356116269405403,0.003108717383565107,-6.152242793170733,5.036431918070857,-5.8351898193359375,-8.563712120056152
282,4.4059836864471436,-2.0,0.0,-2.0085470085470085,-0.006105006105006083,0.27,0.686,0.25905978196375895,0.11300968911711692,0.005004771646609474,0.0013482899014188214,-6.152242793170733,5.036431918070857,-5.840217590332031,-8.569747924804688
283,4.420747756958008,-2.0,0.0,-2.0085470085470085,-0.006105006105006083,0.27,0.686,0.25905978196375895,0.11300968911711692,0.005004771646609474,0.0013482899014188214,-6.152242793170733,5.036431918070857,-5.845076560974121,-8.570110321044922
284,4.435942649841309,-2.0,0.0,-1.9963369963369964,-0.01831501831501825,0.27,0.686,0.25905978196375895,0.11300968911711692,0.005004771646609474,0.0013482899014188214,-6.152242793170733,5.036431918070857,-5.840914726257324,-8.567475318908691
285,4.451878786087036,-2.0,0.0,-2.0207570207570207,0.006105006105006083,0.27,0.686,0.25905978196375895,0.11300968911711692,0.005004771646609474,0.0013482899014188214,-6.152242793170733,5.036431918070857,-5.836963653564453,-8.563750267028809
286,4.466935634613037,-2.0,0.0,-1.9963369963369964,-0.006105006105006083,0.27,0.686,0.25905978196375895,0.11300968911711692,0.001356116269405403,-0.003108717383565107,-6.152242793170733,5.036431918070857,-5.8423004150390625,-8.567865371704102
287,4.482353687286377,-2.0,0.0,-1.9963369963369964,-0.01831501831501825,0.27,0.686,0.25905978196375895,0.11300968911711692,0.005004771646609474,0.0013482899014188214,-6.152242793170733,5.036431918070857,-5.840979099273682,-8.568130493164062
288,4.497964859008789,-2.0,0.0,-1.9963369963369964,-0.006105006105006083,0.27,0.686,0.25905978196375895,0.11300968911711692,0.005004771646609474,0.0013482899014188214,-6.152242793170733,5.036431918070857,-5.840285778045654,-8.566072463989258
289,4.5139148235321045,-2.0,0.0,-2.0085470085470085,0.006105006105006083,0.27,0.686,0.25905978196375895,0.11300968911711692,0.005004771646609474,0.0013482899014188214,-6.152242793170733,5.036431918070857,-5.844499588012695,-8.569412231445312
290,4.529959678649902,-2.0,0.0,-2.0085470085470085,0.006105006105006083,0.27,0.686,0.25905978196375895,0.11300968911711692,0.011630696559124971,-0.00048548872581689276,-6.152242793170733,5.036431918070857,-5.838353633880615,-8.563986778259277
291,4.5452258586883545,-2.0,0.0,-2.0085470085470085,0.01831501831501825,0.27,0.686,0.25905978196375895,0.11300968911711692,0.011630696559124971,-0.00048548872581689276,-6.152242793170733,5.036431918070857,-5.840691566467285,-8.567910194396973
292,4.560637712478638,-2.0,0.0,-2.0085470085470085,0.01831501831501825,0.27,0.686,0.25905978196375895,0.11300968911711692,0.001356116269405403,-0.003108717383565107,-6.152242793170733,5.036431918070857,-5.840234756469727,-8.564697265625
293,4.575890779495239,-2.0,0.0,-2.0085470085470085,-0.006105006105006083,0.27,0.686,0.25905978196375895,0.11300968911711692,0.005004771646609474,0.0013482899014188214,-6.152242793170733,5.036431918070857,-5.837116241455078,-8.564408302307129
294,4.591455698013306,-2.0,0.0,-2.0085470085470085,-0.006105006105006083,0.27,0.686,0.25905978196375895,0.11300968911711692,0.005004771646609474,0.0013482899014188214,-6.152242793170733,5.036431918070857,-5.835636615753174,-8.568121910095215
295,4.606972694396973,-2.0,0.0,-1.9963369963369964,0.006105006105006083,0.27,0.686,0.25905978196375895,0.11300968911711692,0.00880545433119705,0.005991005823277081,-6.152242793170733,5.036431918070857,-5.840788841247559,-8.567262649536133
296,4.623057842254639,-2.0,0.0,-2.0207570207570207,-0.006105006105006083,0.27,0.686,0.25905978196375895,0.11300968911711692,0.001356116269405403,-0.003108717383565107,-6.152242793170733,5.036431918070857,-5.844571590423584,-8.568238258361816
297,4.638277769088745,-2.0,0.0,-1.9841269841269842,0.006105006105006083,0.27,0.686,0.25905978196375895,0.11300968911711692,0.005004771646609474,0.0013482899014188214,-6.152242793170733,5.036431918070857,-5.838561058044434,-8.563641548156738
298,4.653230667114258,-2.0,0.0,-1.9963369963369964,0.006105006105006083,0.27,0.686,0.25905978196375895,0.11300968911711692,0.00880545433119705,0.005991005823277081,-6.152242793170733,5.036431918070857,-5.838044166564941,-8.56613540649414
299,4.66816258430481,-2.0,0.0,-1.9963369963369964,0.01831501831501825,0.27,0.686,0.25905978196375895,0.11300968911711692,0.005004771646609474,0.0013482899014188214,-6.152242793170733,5.036431918070857,-5.839966297149658,-8.567190170288086
300,4.683908700942993,-2.0,0.0,-1.9963369963369964,0.030525030525030417,0.27,0.686,0.25905978196375895,0.11300968911711692,0.005004771646609474,0.0013482899014188214,-6.152242793170733,5.036431918070857,-5.838868618011475,-8.565407752990723
301,4.699605703353882,-2.0,0.0,-2.0085470085470085,0.006105006105006083,0.27,0.686,0.25905978196375895,0.11300968911711692,0.002444566415182171,0.007751433305423366,-6.152242793170733,5.036431918070857,-5.8362040519714355,-8.565803527832031
302,4.715441703796387,-2.0,0.0,-2.0085470085470085,0.006105006105006083,0.27,0.686,0.25905978196375895,0.11300968911711692,0.005004771646609474,0.0013482899014188214,-6.152242793170733,5.036431918070857,-5.837160587310791,-8.564963340759277
303,4.731102705001831,-2.0,0.0,-2.032967032967033,-0.006105006105006083,0.27,0.686,0.25905978196375895,0.11300968911711692,-0.001356116269405403,0.003108717383565107,-6.152242793170733,5.036431918070857,-5.84092903137207,-8.566164016723633
304,4.745637655258179,-2.0,0.0,-2.0085470085470085,0.006105006105006083,0.27,0.686,0.25905978196375895,0.11300968911711692,0.00880545433119705,0.005991005823277081,-6.152242793170733,5.036431918070857,-5.840190887451172,-8.565131187438965
305,4.760807752609253,-2.0,0.0,-2.0085470085470085,-0.006105006105006083,0.269,0.686,0.25879470833586166,0.11308290773149396,0.002443687791809647,0.0077482524218885985,-6.154965031377892,5.038660433403566,-5.840415000915527,-8.564130783081055
306,4.776033639907837,-2.0,0.0,-1.9963369963369964,0.006105006105006083,0.27,0.686,0.25905978196375895,0.11300968911711692,0.005004771646609474,0.0013482899014188214,-6.152242793170733,5.036431918070857,-5.837151527404785,-8.566427230834961
307,4.791532516479492,-2.0,0.0,-1.9963369963369964,0.006105006105006083,0.27,0.686,0.25905978196375895,0.11300968911711692,0.002444566415182171,0.007751433305423366,-6.152242793170733,5.036431918070857,-5.83876371383667,-8.568178176879883
308,4.806509733200073,-2.0,0.0,-1.9963369963369964,-0.006105006105006083,0.27,0.686,0.25905978196375895,0.11300968911711692,0.00880545433119705,0.005991005823277081,-6.152242793170733,5.036431918070857,-5.840088367462158,-8.566001892089844
309,4.822280645370483,-2.0,0.0,-2.0207570207570207,-0.006105006105006083,0.27,0.686,0.25905978196375895,0.11300968911711692,-0.001356116269405403,0.003108717383565107,-6.152242793170733,5.036431918070857,-5.83991813659668,-8.562378883361816
310,4.838256597518921,-2.0,0.0,-2.0085470085470085,0.006105006105006083,0.27,0.686,0.25905978196375895,0.11300968911711692,0.00880545433119705,0.005991005823277081,-6.152242793170733,5.036431918070857,-5.837072849273682,-8.563867568969727
311,4.854501724243164,-2.0,0.0,-1.9963369963369964,0.006105006105006083,0.27,0.686,0.25905978196375895,0.11300968911711692,0.00880545433119705,0.005991005823277081,-6.152242793170733,5.036431918070857,-5.836683750152588,-8.564119338989258
312,4.869284629821777,-2.0,0.0,-1.9963369963369964,0.01831501831501825,0.27,0.686,0.25905978196375895,0.11300968911711692,0.005004771646609474,0.0013482899014188214,-6.152242793170733,5.036431918070857,-5.840351104736328,-8.565881729125977
313,4.884991645812988,-2.0,0.0,-1.9963369963369964,0.01831501831501825,0.27,0.686,0.25905978196375895,0.11300968911711692,0.005004771646609474,0.0013482899014188214,-6.152242793170733,5.036431918070857,-5.838569641113281,-8.563620567321777
314,4.90127158164978,-2.0,0.0,-2.0085470085470085,-0.006105006105006083,0.27,0.686,0.25905978196375895,0.11300968911711692,0.00880545433119705,0.005991005823277081,-6.152242793170733,5.036431918070857,-5.838450908660889,-8.564274787902832
315,4.917193651199341,-2.0,0.0,-2.0085470085470085,-0.006105006105006083,0.27,0.686,0.25905978196375895,0.11300968911711692,0.005004771646609474,0.0013482899014188214,-6.152242793170733,5.036431918070857,-5.837911128997803,-8.559432983398438
316,4.932406663894653,-2.0,0.0,-1.9963369963369964,-0.006105006105006083,0.27,0.686,0.25905978196375895,0.11300968911711692,-0.001356116269405403,0.003108717383565107,-6.152242793170733,5.036431918070857,-5.840754508972168,-8.569924354553223
317,4.948321580886841,-2.0,0.0,-1.9963369963369964,0.01831501831501825,0.27,0.686,0.25905978196375895,0.11300968911711692,-0.001356116269405403,0.003108717383565107,-6.152242793170733,5.036431918070857,-5.837044715881348,-8.564238548278809
318,4.964042663574219,-2.0,0.0,-1.9841269841269842,-0.006105006105006083,0.27,0.686,0.25905978196375895,0.11300968911711692,0.00880545433119705,0.005991005823277081,-6.152242793170733,5.036431918070857,-5.838853359222412,-8.566581726074219
319,4.979094743728638,-2.0,0.0,-1.9963369963369964,-0.006105006105006083,0.27,0.686,0.25905978196375895,0.11300968911711692,0.011630696559124971,-0.00048548872581689276,-6.152242793170733,5.036431918070857,-5.8360276222229,-8.563003540039062
320,4.994513750076294,-2.0,0.0,-2.0085470085470085,0.006105006105006083,0.27,0.686,0.25905978196375895,0.11300968911711692,0.00880545433119705,0.005991005823277081,-6.152242793170733,5.036431918070857,-5.841060638427734,-8.566457748413086
